Workbook

Sheet Sprint 1
A1: Project name: | C1: AgoraLearn+ Nền tảng học trực tuyến với AI Attendance, phân tích tương tác học tập và gợi ý cải thiện | F1: Kết thúc đúng hạn
A2: Module name: | C2: Sprint 1 | F2: Muộn
A3: Start date: | C3: 27/09/2025 | F3: Trước thời hạn
A4: End date: | C4: 45668
B6: SPRINT 2 REPORT
B7: No | C7: Thành viên | D7: Thực tế | E7: Ước tính
B8: 1 | C8: Nguyễn Văn Viên | D8: =SUMIF($E$14:$F$81,"Viên",$G$14:$G$81)+SUMIF($E$14:$F$81,"All team",$G$14:$G$81)/4+SUMIF($E$14:$F$81,"Hoàng, Viên",$G$14:$G$81)/2+SUMIF($E$14:$F$81,"Viên, Vinh",$G$14:$G$81)/2 -> 49.5 | E8: =SUMIF($E$14:$F$81,"Viên",$H$14:$H$81)+SUMIF($E$14:$F$81,"All team",$H$14:$H$81)/4+SUMIF($E$14:$F$81,"Hoàng, Viên",$H$14:$H$81)/2+SUMIF($E$14:$F$81,"Viên, Vinh",$H$14:$H$81)/2 -> 48
B9: 2 | C9: Lê Tuấn Trình | D9: =SUMIF($E$14:$F$81,"Trình",$G$14:$G$81)+SUMIF($E$14:$F$81,"All team",$G$14:$G$81)/4+SUMIF($E$14:$F$81,"Trình,Vinh",$G$14:$G$81)/2+SUMIF($E$14:$F$81,"Trình, Hoàng",$G$14:$G$81)/2 -> 35.5 | E9: =SUMIF($E$14:$F$81,"Trình",$H$14:$H$81)+SUMIF($E$14:$F$81,"All team",$H$14:$H$81)/4+SUMIF($E$14:$F$81,"Trình, Hoàng",$H$14:$H$81)/2+SUMIF($E$14:$F$81,"Trình,Vinh",$H$14:$H$81)/2 -> 37
B10: 3 | C10: Dương Quang Vinh | D10: =SUMIF($E$14:$F$81,"Vinh",$G$14:$G$81)+SUMIF($E$14:$F$81,"All team",$G$14:$G$81)/4+SUMIF($E$14:$F$81,"Vinh, Hoàng",$G$14:$G$81)/2+SUMIF($E$14:$F$81,"Trình, Vinh",$G$14:$G$81)/2+SUMIF($E$14:$F$81,"Viên, Vinh",$G$14:$G$81)/2 -> 31.5 | E10: =SUMIF($E$14:$F$81,"Vinh",$H$14:$H$81)+SUMIF($E$14:$F$81,"All team",$H$14:$H$81)/4+SUMIF($E$14:$F$81,"Vinh, Hoàng",$H$14:$H$81)/2+SUMIF($E$14:$F$81,"Trình, Vinh",$G$14:$G$81)/2+SUMIF($E$14:$F$81,"Viên, Vinh",$G$14:$G$81)/2 -> 30
B11: 4 | C11: Trần Dương Huy Hoàng | D11: =SUMIF($E$14:$F$81,"Hoàng",$G$14:$G$81)+SUMIF($E$14:$F$81,"All team",$G$14:$G$81)/4+SUMIF($E$14:$F$81,"Trình, Hoàng",$G$14:$G$81)/2+SUMIF($E$14:$F$81,"Hoàng, Viên",$G$14:$G$81)/2+SUMIF($E$14:$F$81,"Vinh, Hoàng",$G$14:$G$81)/2 -> 33.5 | E11: =SUMIF($E$14:$F$81,"Hoàng",$H$14:$H$81)+SUMIF($E$14:$F$81,"All team",$H$14:$H$81)/4+SUMIF($E$14:$F$81,"Trình, Hoàng",$H$14:$H$81)/2+SUMIF($E$14:$F$81,"Hoàng, Viên",$H$14:$H$81)/2+SUMIF($E$14:$F$81,"Vinh, Hoàng",$H$14:$H$81)/2 -> 34
B12: Tổng | D12: =SUM(D8:D11) -> 150 | E12: =SUM(E8:E11) -> 149
A14: Sprint | B14: Compoment | C14: Task name | E14: Responsible Member | G14: Thực tế | H14: Ước tính | I14: 45927 | J14: 45928 | K14: 45929 | L14: 45930 | M14: 45931 | N14: 45932 | O14: 45933 | P14: 45934 | Q14: 45935 | R14: 45936 | S14: 45937 | T14: 45938 | U14: 45939 | V14: 45940 | W14: 45941 | X14: 45942 | Y14: 45943 | Z14: 45944 | AA14: 45945 | AB14: 45946 | AC14: 45947 | AD14: 45948 | AE14: 45949 | AF14: 45950 | AG14: 45951 | AH14: 45952 | AI14: 45953 | AJ14: 45954 | AK14: 45955 | AL14: 45956 | AM14: 45957 | AN14: 45958 | AO14: 45959 | AP14: 45960 | AQ14: 45961 | AR14: 45962
A15: Sprint 1 | B15: Họp kế hoạch Sprint | E15: All team | G15: =H15-I15 -> 10 | H15: 10 | I15: 0 | J15: 0 | K15: 0 | L15: 0 | M15: 0 | N15: 0 | O15: 0 | P15: 0 | Q15: 0 | R15: 0 | S15: 0 | T15: 0 | U15: 0 | V15: 0 | W15: 0 | X15: 0 | Y15: 0 | Z15: 0 | AA15: 0 | AB15: 0 | AC15: 0 | AD15: 0 | AE15: 0 | AF15: 0 | AG15: 0 | AH15: 0 | AI15: 0 | AJ15: 0 | AK15: 0 | AL15: 0 | AM15: 0 | AN15: 0 | AO15: 0 | AP15: 0 | AQ15: 0 | AR15: 0
B16: Tạo Sprint Backlog 1 | E16: Vinh, Viên | G16: 4 | H16: 4 | I16: 4 | J16: 0 | K16: 0 | L16: 0 | M16: 0 | N16: 0 | O16: 0 | P16: 0 | Q16: 0 | R16: 0 | S16: 0 | T16: 0 | U16: 0 | V16: 0 | W16: 0 | X16: 0 | Y16: 0 | Z16: 0 | AA16: 0 | AB16: 0 | AC16: 0 | AD16: 0 | AE16: 0 | AF16: 0 | AG16: 0 | AH16: 0 | AI16: 0 | AJ16: 0 | AK16: 0 | AL16: 0 | AM16: 0 | AN16: 0 | AO16: 0 | AP16: 0 | AQ16: 0 | AR16: 0
B17: Tạo tài liệu kiểm thử cho Sprint | E17: Trình, Hoàng | G17: =H17-K17 -> 4 | H17: 4 | I17: 4 | J17: 0 | K17: 0 | L17: 0 | M17: 0 | N17: 0 | O17: 0 | P17: 0 | Q17: 0 | R17: 0 | S17: 0 | T17: 0 | U17: 0 | V17: 0 | W17: 0 | X17: 0 | Y17: 0 | Z17: 0 | AA17: 0 | AB17: 0 | AC17: 0 | AD17: 0 | AE17: 0 | AF17: 0 | AG17: 0 | AH17: 0 | AI17: 0 | AJ17: 0 | AK17: 0 | AL17: 0 | AM17: 0 | AN17: 0 | AO17: 0 | AP17: 0 | AQ17: 0 | AR17: 0
B18: User interface design | C18: Giao diện đăng nhập | E18: Vinh | G18: 1 | H18: 1 | I18: 1 | J18: 1 | K18: 0 | L18: 0 | M18: 0 | N18: 0 | O18: 0 | P18: 0 | Q18: 0 | R18: 0 | S18: 0 | T18: 0 | U18: 0 | V18: 0 | W18: 0 | X18: 0 | Y18: 0 | Z18: 0 | AA18: 0 | AB18: 0 | AC18: 0 | AD18: 0 | AE18: 0 | AF18: 0 | AG18: 0 | AH18: 0 | AI18: 0 | AJ18: 0 | AK18: 0 | AL18: 0 | AM18: 0 | AN18: 0 | AO18: 0 | AP18: 0 | AQ18: 0 | AR18: 0
C19: Giao diện đăng ký | E19: Vinh | G19: 1 | H19: 1 | I19: 1 | J19: 1 | K19: 0 | L19: 0 | M19: 0 | N19: 0 | O19: 0 | P19: 0 | Q19: 0 | R19: 0 | S19: 0 | T19: 0 | U19: 0 | V19: 0 | W19: 0 | X19: 0 | Y19: 0 | Z19: 0 | AA19: 0 | AB19: 0 | AC19: 0 | AD19: 0 | AE19: 0 | AF19: 0 | AG19: 0 | AH19: 0 | AI19: 0 | AJ19: 0 | AK19: 0 | AL19: 0 | AM19: 0 | AN19: 0 | AO19: 0 | AP19: 0 | AQ19: 0 | AR19: 0
C20: Giao diện đăng xuất | E20: Vinh | G20: 1 | H20: 1 | I20: 1 | J20: 1 | K20: 0 | L20: 0 | M20: 0 | N20: 0 | O20: 0 | P20: 0 | Q20: 0 | R20: 0 | S20: 0 | T20: 0 | U20: 0 | V20: 0 | W20: 0 | X20: 0 | Y20: 0 | Z20: 0 | AA20: 0 | AB20: 0 | AC20: 0 | AD20: 0 | AE20: 0 | AF20: 0 | AG20: 0 | AH20: 0 | AI20: 0 | AJ20: 0 | AK20: 0 | AL20: 0 | AM20: 0 | AN20: 0 | AO20: 0 | AP20: 0 | AQ20: 0 | AR20: 0
C21: Giao diện đổi mật khẩu | E21: Vinh | G21: 3 | H21: 1 | I21: 2 | J21: 2 | K21: 2 | L21: 0 | M21: 0 | N21: 0 | O21: 0 | P21: 0 | Q21: 0 | R21: 0 | S21: 0 | T21: 0 | U21: 0 | V21: 0 | W21: 0 | X21: 0 | Y21: 0 | Z21: 0 | AA21: 0 | AB21: 0 | AC21: 0 | AD21: 0 | AE21: 0 | AF21: 0 | AG21: 0 | AH21: 0 | AI21: 0 | AJ21: 0 | AK21: 0 | AL21: 0 | AM21: 0 | AN21: 0 | AO21: 0 | AP21: 0 | AQ21: 0 | AR21: 0
L22: 2
C23: Giao diện quản lý hồ sơ cá nhân | E23: Trình | G23: 2 | H23: 2 | I23: 1 | J23: 1 | K23: 0 | L23: 0 | M23: 0 | N23: 0 | O23: 0 | P23: 0 | Q23: 0 | R23: 0 | S23: 0 | T23: 0 | U23: 0 | V23: 0 | W23: 0 | X23: 0 | Y23: 0 | Z23: 0 | AA23: 0 | AB23: 0 | AC23: 0 | AD23: 0 | AE23: 0 | AF23: 0 | AG23: 0 | AH23: 0 | AI23: 0 | AJ23: 0 | AK23: 0 | AL23: 0 | AM23: 0 | AN23: 0 | AO23: 0 | AP23: 0 | AQ23: 0 | AR23: 0
C24: Giao diện phân quyền người dùng | E24: Trình | G24: 2 | H24: 2 | I24: 2 | J24: 1 | K24: 0 | L24: 1 | M24: 0 | N24: 0 | O24: 0 | P24: 0 | Q24: 0 | R24: 0 | S24: 0 | T24: 0 | U24: 0 | V24: 0 | W24: 0 | X24: 0 | Y24: 0 | Z24: 0 | AA24: 0 | AB24: 0 | AC24: 0 | AD24: 0 | AE24: 0 | AF24: 0 | AG24: 0 | AH24: 0 | AI24: 0 | AJ24: 0 | AK24: 0 | AL24: 0 | AM24: 0 | AN24: 0 | AO24: 0 | AP24: 0 | AQ24: 0 | AR24: 0
C25: Giao diện quản lý lớp học trực tuyến | E25: Viên | G25: 2 | H25: 2 | I25: 2 | J25: 1 | K25: 1 | L25: 0 | M25: 0 | N25: 0 | O25: 0 | P25: 0 | Q25: 0 | R25: 0 | S25: 0 | T25: 0 | U25: 0 | V25: 0 | W25: 0 | X25: 0 | Y25: 0 | Z25: 0 | AA25: 0 | AB25: 0 | AC25: 0 | AD25: 0 | AE25: 0 | AF25: 0 | AG25: 0 | AH25: 0 | AI25: 0 | AJ25: 0 | AK25: 0 | AL25: 0 | AM25: 0 | AN25: 0 | AO25: 0 | AP25: 0 | AQ25: 0 | AR25: 0
C26: Giao diện quản lý tài liệu học tập | E26: Viên | G26: 2 | H26: 2 | I26: 2 | J26: 2 | K26: 1 | L26: 0 | M26: 0 | N26: 0 | O26: 0 | P26: 0 | Q26: 0 | R26: 0 | S26: 0 | T26: 0 | U26: 0 | V26: 0 | W26: 0 | X26: 0 | Y26: 0 | Z26: 0 | AA26: 0 | AB26: 0 | AC26: 0 | AD26: 0 | AE26: 0 | AF26: 0 | AG26: 0 | AH26: 0 | AI26: 0 | AJ26: 0 | AK26: 0 | AL26: 0 | AM26: 0 | AN26: 0 | AO26: 0 | AP26: 0 | AQ26: 0 | AR26: 0
C27: Giao diện quản lý sinh viên | E27: Hoàng | G27: 2 | H27: 2 | I27: 2 | J27: 1 | K27: 1 | L27: 0 | M27: 0 | N27: 0 | O27: 0 | P27: 0 | Q27: 0 | R27: 0 | S27: 0 | T27: 0 | U27: 0 | V27: 0 | W27: 0 | X27: 0 | Y27: 0 | Z27: 0 | AA27: 0 | AB27: 0 | AC27: 0 | AD27: 0 | AE27: 0 | AF27: 0 | AG27: 0 | AH27: 0 | AI27: 0 | AJ27: 0 | AK27: 0 | AL27: 0 | AM27: 0 | AN27: 0 | AO27: 0 | AP27: 0 | AQ27: 0 | AR27: 0
C28: Giao diện quản lý bài tập và kết quả | E28: Hoàng | G28: 2 | H28: 2 | I28: 2 | J28: 1 | K28: 1 | L28: 0 | M28: 0 | N28: 0 | O28: 0 | P28: 0 | Q28: 0 | R28: 0 | S28: 0 | T28: 0 | U28: 0 | V28: 0 | W28: 0 | X28: 0 | Y28: 0 | Z28: 0 | AA28: 0 | AB28: 0 | AC28: 0 | AD28: 0 | AE28: 0 | AF28: 0 | AG28: 0 | AH28: 0 | AI28: 0 | AJ28: 0 | AK28: 0 | AL28: 0 | AM28: 0 | AN28: 0 | AO28: 0 | AP28: 0 | AQ28: 0 | AR28: 0
C29: Review all user interfaces of sprint 1 | E29: All team | G29: =H29+N30 -> 10 | H29: 10 | I29: 10 | J29: 10 | K29: 10 | L29: 9 | M29: 0 | N29: 0 | O29: 0 | P29: 0 | Q29: 0 | R29: 0 | S29: 0 | T29: 0 | U29: 0 | V29: 0 | W29: 0 | X29: 0 | Y29: 0 | Z29: 0 | AA29: 0 | AB29: 0 | AC29: 0 | AD29: 0 | AE29: 0 | AF29: 0 | AG29: 0 | AH29: 0 | AI29: 0 | AJ29: 0 | AK29: 0 | AL29: 0 | AM29: 0 | AN29: 0 | AO29: 0 | AP29: 0 | AQ29: 0 | AR29: 0
M30: -1
B31: Design test case | C31: Thiết kế trường kiểm thử cho đăng nhập | E31: Hoàng | G31: 1 | H31: 1 | I31: 1 | J31: 1 | K31: 1 | L31: 1 | M31: 1 | N31: 0 | O31: 0 | P31: 0 | Q31: 0 | R31: 0 | S31: 0 | T31: 0 | U31: 0 | V31: 0 | W31: 0 | X31: 0 | Y31: 0 | Z31: 0 | AA31: 0 | AB31: 0 | AC31: 0 | AD31: 0 | AE31: 0 | AF31: 0 | AG31: 0 | AH31: 0 | AI31: 0 | AJ31: 0 | AK31: 0 | AL31: 0 | AM31: 0 | AN31: 0 | AO31: 0 | AP31: 0 | AQ31: 0 | AR31: 0
C32: Thiết kế trường kiểm thử cho đăng ký | E32: Hoàng | G32: 1 | H32: 1 | I32: 1 | J32: 1 | K32: 1 | L32: 1 | M32: 1 | N32: 0 | O32: 0 | P32: 0 | Q32: 0 | R32: 0 | S32: 0 | T32: 0 | U32: 0 | V32: 0 | W32: 0 | X32: 0 | Y32: 0 | Z32: 0 | AA32: 0 | AB32: 0 | AC32: 0 | AD32: 0 | AE32: 0 | AF32: 0 | AG32: 0 | AH32: 0 | AI32: 0 | AJ32: 0 | AK32: 0 | AL32: 0 | AM32: 0 | AN32: 0 | AO32: 0 | AP32: 0 | AQ32: 0 | AR32: 0
C33: Thiết kế trường kiểm thử cho đăng xuất | E33: Hoàng | G33: 1 | H33: 1 | I33: 1 | J33: 1 | K33: 1 | L33: 1 | M33: 1 | N33: 0 | O33: 0 | P33: 0 | Q33: 0 | R33: 0 | S33: 0 | T33: 0 | U33: 0 | V33: 0 | W33: 0 | X33: 0 | Y33: 0 | Z33: 0 | AA33: 0 | AB33: 0 | AC33: 0 | AD33: 0 | AE33: 0 | AF33: 0 | AG33: 0 | AH33: 0 | AI33: 0 | AJ33: 0 | AK33: 0 | AL33: 0 | AM33: 0 | AN33: 0 | AO33: 0 | AP33: 0 | AQ33: 0 | AR33: 0
C34: Thiết kế trường kiểm thử cho đổi mật khẩu | E34: Hoàng | G34: 1 | H34: 1 | I34: 1 | J34: 1 | K34: 1 | L34: 1 | M34: 1 | N34: 0 | O34: 0 | P34: 0 | Q34: 0 | R34: 0 | S34: 0 | T34: 0 | U34: 0 | V34: 0 | W34: 0 | X34: 0 | Y34: 0 | Z34: 0 | AA34: 0 | AB34: 0 | AC34: 0 | AD34: 0 | AE34: 0 | AF34: 0 | AG34: 0 | AH34: 0 | AI34: 0 | AJ34: 0 | AK34: 0 | AL34: 0 | AM34: 0 | AN34: 0 | AO34: 0 | AP34: 0 | AQ34: 0 | AR34: 0
C35: Thiết kế trường kiểm thử cho quản lý hồ sơ cá nhân | E35: Viên | G35: 2 | H35: 2 | I35: 2 | J35: 2 | K35: 1 | L35: 1 | M35: 1 | N35: 0 | O35: 0 | P35: 0 | Q35: 0 | R35: 0 | S35: 0 | T35: 0 | U35: 0 | V35: 0 | W35: 0 | X35: 0 | Y35: 0 | Z35: 0 | AA35: 0 | AB35: 0 | AC35: 0 | AD35: 0 | AE35: 0 | AF35: 0 | AG35: 0 | AH35: 0 | AI35: 0 | AJ35: 0 | AK35: 0 | AL35: 0 | AM35: 0 | AN35: 0 | AO35: 0 | AP35: 0 | AQ35: 0 | AR35: 0
C36: Thiết kế trường kiểm thử cho quản lý điểm danh | E36: Viên | G36: 2 | H36: 2 | I36: 2 | J36: 2 | K36: 2 | L36: 1 | M36: 1 | N36: 0 | O36: 0 | P36: 0 | Q36: 0 | R36: 0 | S36: 0 | T36: 0 | U36: 0 | V36: 0 | W36: 0 | X36: 0 | Y36: 0 | Z36: 0 | AA36: 0 | AB36: 0 | AC36: 0 | AD36: 0 | AE36: 0 | AF36: 0 | AG36: 0 | AH36: 0 | AI36: 0 | AJ36: 0 | AK36: 0 | AL36: 0 | AM36: 0 | AN36: 0 | AO36: 0 | AP36: 0 | AQ36: 0 | AR36: 0
C37: Thiết kế trường kiểm thử cho quản lý lớp học trực tuyến | E37: Viên | G37: 2 | H37: 2 | I37: 2 | J37: 2 | K37: 1 | L37: 1 | M37: 1 | N37: 0 | O37: 0 | P37: 0 | Q37: 0 | R37: 0 | S37: 0 | T37: 0 | U37: 0 | V37: 0 | W37: 0 | X37: 0 | Y37: 0 | Z37: 0 | AA37: 0 | AB37: 0 | AC37: 0 | AD37: 0 | AE37: 0 | AF37: 0 | AG37: 0 | AH37: 0 | AI37: 0 | AJ37: 0 | AK37: 0 | AL37: 0 | AM37: 0 | AN37: 0 | AO37: 0 | AP37: 0 | AQ37: 0 | AR37: 0
C38: Thiết kế trường kiểm thử cho quản lý tài liệu học tập | E38: Viên | G38: 3 | H38: 2 | I38: 3 | J38: 2 | K38: 2 | L38: 2 | M38: 2 | N38: 1 | O38: 1 | P38: 0 | Q38: 0 | R38: 0 | S38: 0 | T38: 0 | U38: 0 | V38: 0 | W38: 0 | X38: 0 | Y38: 0 | Z38: 0 | AA38: 0 | AB38: 0 | AC38: 0 | AD38: 0 | AE38: 0 | AF38: 0 | AG38: 0 | AH38: 0 | AI38: 0 | AJ38: 0 | AK38: 0 | AL38: 0 | AM38: 0 | AN38: 0 | AO38: 0 | AP38: 0 | AQ38: 0 | AR38: 0
P39: 1
C40: Thiết kế trường kiểm thử cho quản lý sinh viên | E40: Viên | G40: 2 | H40: 2 | I40: 2 | J40: 2 | K40: 2 | L40: 1 | M40: 1 | N40: 1 | O40: 0 | P40: 0 | Q40: 0 | R40: 0 | S40: 0 | T40: 0 | U40: 0 | V40: 0 | W40: 0 | X40: 0 | Y40: 0 | Z40: 0 | AA40: 0 | AB40: 0 | AC40: 0 | AD40: 0 | AE40: 0 | AF40: 0 | AG40: 0 | AH40: 0 | AI40: 0 | AJ40: 0 | AK40: 0 | AL40: 0 | AM40: 0 | AN40: 0 | AO40: 0 | AP40: 0 | AQ40: 0 | AR40: 0
C41: Thiết kế trường kiểm thử cho quản lý bài tập và kết quả | E41: Viên | G41: 3 | H41: 2 | I41: 3 | J41: 3 | K41: 2 | L41: 2 | M41: 2 | N41: 1 | O41: 1 | P41: 0 | Q41: 0 | R41: 0 | S41: 0 | T41: 0 | U41: 0 | V41: 0 | W41: 0 | X41: 0 | Y41: 0 | Z41: 0 | AA41: 0 | AB41: 0 | AC41: 0 | AD41: 0 | AE41: 0 | AF41: 0 | AG41: 0 | AH41: 0 | AI41: 0 | AJ41: 0 | AK41: 0 | AL41: 0 | AM41: 0 | AN41: 0 | AO41: 0 | AP41: 0 | AQ41: 0 | AR41: 0
P42: 1
C43: Review all test case of sprint 1 | E43: All team | G43: 8 | H43: 10 | I43: 10 | J43: 10 | K43: 10 | L43: 10 | M43: 10 | N43: 10 | O43: 10 | P43: 0 | Q43: 0 | R43: 0 | S43: 0 | T43: 0 | U43: 0 | V43: 0 | W43: 0 | X43: 0 | Y43: 0 | Z43: 0 | AA43: 0 | AB43: 0 | AC43: 0 | AD43: 0 | AE43: 0 | AF43: 0 | AG43: 0 | AH43: 0 | AI43: 0 | AJ43: 0 | AK43: 0 | AL43: 0 | AM43: 0 | AN43: 0 | AO43: 0 | AP43: 0 | AQ43: 0 | AR43: 0
B44: Coding | C44: Code Front – End Đăng nhập và đăng kí | E44: Trình | G44: 2 | H44: 2 | I44: 2 | J44: 2 | K44: 2 | L44: 2 | M44: 2 | N44: 2 | O44: 2 | P44: 1 | Q44: 0 | R44: 0 | S44: 0 | T44: 0 | U44: 0 | V44: 0 | W44: 0 | X44: 0 | Y44: 0 | Z44: 0 | AA44: 0 | AB44: 0 | AC44: 0 | AD44: 0 | AE44: 0 | AF44: 0 | AG44: 0 | AH44: 0 | AI44: 0 | AJ44: 0 | AK44: 0 | AL44: 0 | AM44: 0 | AN44: 0 | AO44: 0 | AP44: 0 | AQ44: 0 | AR44: 0
C45: Code Front – End Quản lý hồ sơ cá nhân | E45: Trình | G45: 3 | H45: 2 | I45: 3 | J45: 3 | K45: 3 | L45: 2 | M45: 2 | N45: 2 | O45: 2 | P45: 1 | Q45: 1 | R45: 0 | S45: 0 | T45: 0 | U45: 0 | V45: 0 | W45: 0 | X45: 0 | Y45: 0 | Z45: 0 | AA45: 0 | AB45: 0 | AC45: 0 | AD45: 0 | AE45: 0 | AF45: 0 | AG45: 0 | AH45: 0 | AI45: 0 | AJ45: 0 | AK45: 0 | AL45: 0 | AM45: 0 | AN45: 0 | AO45: 0 | AP45: 0 | AQ45: 0 | AR45: 0
R46: 1
C47: Code Front – End Quản lí điểm danh | E47: Vinh | G47: 2 | H47: 2 | I47: 2 | J47: 2 | K47: 2 | L47: 2 | M47: 2 | N47: 2 | O47: 2 | P47: 2 | Q47: 1 | R47: 0 | S47: 0 | T47: 0 | U47: 0 | V47: 0 | W47: 0 | X47: 0 | Y47: 0 | Z47: 0 | AA47: 0 | AB47: 0 | AC47: 0 | AD47: 0 | AE47: 0 | AF47: 0 | AG47: 0 | AH47: 0 | AI47: 0 | AJ47: 0 | AK47: 0 | AL47: 0 | AM47: 0 | AN47: 0 | AO47: 0 | AP47: 0 | AQ47: 0 | AR47: 0
C48: Code Front – End Quản lý lớp học trực tuyến | E48: Vinh | G48: 2 | H48: 2 | I48: 2 | J48: 2 | K48: 2 | L48: 2 | M48: 2 | N48: 2 | O48: 2 | P48: 2 | Q48: 1 | R48: 0 | S48: 0 | T48: 0 | U48: 0 | V48: 0 | W48: 0 | X48: 0 | Y48: 0 | Z48: 0 | AA48: 0 | AB48: 0 | AC48: 0 | AD48: 0 | AE48: 0 | AF48: 0 | AG48: 0 | AH48: 0 | AI48: 0 | AJ48: 0 | AK48: 0 | AL48: 0 | AM48: 0 | AN48: 0 | AO48: 0 | AP48: 0 | AQ48: 0 | AR48: 0
C49: Code Front – End Quản lý tài liệu học tập | E49: Vinh | G49: 2 | H49: 2 | I49: 2 | J49: 2 | K49: 2 | L49: 2 | M49: 2 | N49: 2 | O49: 2 | P49: 2 | Q49: 2 | R49: 1 | S49: 0 | T49: 0 | U49: 0 | V49: 0 | W49: 0 | X49: 0 | Y49: 0 | Z49: 0 | AA49: 0 | AB49: 0 | AC49: 0 | AD49: 0 | AE49: 0 | AF49: 0 | AG49: 0 | AH49: 0 | AI49: 0 | AJ49: 0 | AK49: 0 | AL49: 0 | AM49: 0 | AN49: 0 | AO49: 0 | AP49: 0 | AQ49: 0 | AR49: 0
C50: Code Front – End Quản lý sinh viên | E50: Viên | G50: 3 | H50: 3 | I50: 3 | J50: 2 | K50: 2 | L50: 2 | M50: 2 | N50: 2 | O50: 2 | P50: 2 | Q50: 2 | R50: 1 | S50: 0 | T50: 0 | U50: 0 | V50: 0 | W50: 0 | X50: 0 | Y50: 0 | Z50: 0 | AA50: 0 | AB50: 0 | AC50: 0 | AD50: 0 | AE50: 0 | AF50: 0 | AG50: 0 | AH50: 0 | AI50: 0 | AJ50: 0 | AK50: 0 | AL50: 0 | AM50: 0 | AN50: 0 | AO50: 0 | AP50: 0 | AQ50: 0 | AR50: 0
C51: Code Front – End Quản lý môn học | E51: Viên | G51: 3 | H51: 3 | I51: 3 | J51: 2 | K51: 2 | L51: 2 | M51: 2 | N51: 2 | O51: 2 | P51: 2 | Q51: 2 | R51: 1 | S51: 0 | T51: 0 | U51: 0 | V51: 0 | W51: 0 | X51: 0 | Y51: 0 | Z51: 0 | AA51: 0 | AB51: 0 | AC51: 0 | AD51: 0 | AE51: 0 | AF51: 0 | AG51: 0 | AH51: 0 | AI51: 0 | AJ51: 0 | AK51: 0 | AL51: 0 | AM51: 0 | AN51: 0 | AO51: 0 | AP51: 0 | AQ51: 0 | AR51: 0
C52: Code Back – End Đăng nhập và đăng ký | E52: Trình | G52: 9 | H52: 9 | I52: 8 | J52: 8 | K52: 7 | L52: 7 | M52: 7 | N52: 6 | O52: 6 | P52: 5 | Q52: 4 | R52: 3 | S52: 2 | T52: 1 | U52: 1 | V52: 0 | W52: 0 | X52: 0 | Y52: 0 | Z52: 0 | AA52: 0 | AB52: 0 | AC52: 0 | AD52: 0 | AE52: 0 | AF52: 0 | AG52: 0 | AH52: 0 | AI52: 0 | AJ52: 0 | AK52: 0 | AL52: 0 | AM52: 0 | AN52: 0 | AO52: 0 | AP52: 0 | AQ52: 0 | AR52: 0
C53: Code Back – End Quản lý hồ sơ cá nhân | E53: Trình | G53: 4 | H53: 4 | I53: 4 | J53: 4 | K53: 4 | L53: 4 | M53: 4 | N53: 4 | O53: 4 | P53: 3 | Q53: 3 | R53: 3 | S53: 3 | T53: 2 | U53: 2 | V53: 2 | W53: 1 | X53: 0 | Y53: 0 | Z53: 0 | AA53: 0 | AB53: 0 | AC53: 0 | AD53: 0 | AE53: 0 | AF53: 0 | AG53: 0 | AH53: 0 | AI53: 0 | AJ53: 0 | AK53: 0 | AL53: 0 | AM53: 0 | AN53: 0 | AO53: 0 | AP53: 0 | AQ53: 0 | AR53: 0
C54: Code Back – End Quản lí điểm danh | E54: Vinh | G54: 5 | H54: 5 | I54: 5 | J54: 5 | K54: 5 | L54: 4 | M54: 4 | N54: 4 | O54: 4 | P54: 3 | Q54: 3 | R54: 3 | S54: 3 | T54: 2 | U54: 2 | V54: 2 | W54: 1 | X54: 1 | Y54: 1 | Z54: 0 | AA54: 0 | AB54: 0 | AC54: 0 | AD54: 0 | AE54: 0 | AF54: 0 | AG54: 0 | AH54: 0 | AI54: 0 | AJ54: 0 | AK54: 0 | AL54: 0 | AM54: 0 | AN54: 0 | AO54: 0 | AP54: 0 | AQ54: 0 | AR54: 0
C55: Code Back – End Quản lý lớp học trực tuyến | E55: Vinh | G55: 5 | H55: 5 | I55: 5 | J55: 5 | K55: 5 | L55: 5 | M55: 5 | N55: 4 | O55: 4 | P55: 4 | Q55: 4 | R55: 3 | S55: 3 | T55: 3 | U55: 3 | V55: 2 | W55: 2 | X55: 2 | Y55: 2 | Z55: 1 | AA55: 1 | AB55: 1 | AC55: 1 | AD55: 1 | AE55: 0 | AF55: 0 | AG55: 0 | AH55: 0 | AI55: 0 | AJ55: 0 | AK55: 0 | AL55: 0 | AM55: 0 | AN55: 0 | AO55: 0 | AP55: 0 | AQ55: 0 | AR55: 0
AE56: 3
C57: Code Back – End Quản lý tài liệu học tập | E57: Viên | G57: 5 | H57: 5 | I57: 5 | J57: 5 | K57: 5 | L57: 5 | M57: 5 | N57: 5 | O57: 5 | P57: 5 | Q57: 5 | R57: 5 | S57: 4 | T57: 4 | U57: 4 | V57: 4 | W57: 4 | X57: 3 | Y57: 3 | Z57: 3 | AA57: 2 | AB57: 2 | AC57: 1 | AD57: 0 | AE57: 0 | AF57: 0 | AG57: 0 | AH57: 0 | AI57: 0 | AJ57: 0 | AK57: 0 | AL57: 0 | AM57: 0 | AN57: 0 | AO57: 0 | AP57: 0 | AQ57: 0 | AR57: 0
C58: Code Back – End Đổi mật khẩu | E58: Viên | G58: 5 | H58: 5 | I58: 5 | J58: 5 | K58: 5 | L58: 5 | M58: 5 | N58: 5 | O58: 5 | P58: 5 | Q58: 5 | R58: 5 | S58: 4 | T58: 4 | U58: 4 | V58: 4 | W58: 4 | X58: 3 | Y58: 3 | Z58: 3 | AA58: 2 | AB58: 2 | AC58: 1 | AD58: 1 | AE58: 0 | AF58: 0 | AG58: 0 | AH58: 0 | AI58: 0 | AJ58: 0 | AK58: 0 | AL58: 0 | AM58: 0 | AN58: 0 | AO58: 0 | AP58: 0 | AQ58: 0 | AR58: 0
C59: Code Back – End Quản lý sinh viên | E59: Hoàng | G59: 5 | H59: 5 | I59: 5 | J59: 5 | K59: 5 | L59: 5 | M59: 5 | N59: 5 | O59: 5 | P59: 5 | Q59: 5 | R59: 5 | S59: 4 | T59: 4 | U59: 4 | V59: 4 | W59: 4 | X59: 3 | Y59: 3 | Z59: 3 | AA59: 2 | AB59: 2 | AC59: 1 | AD59: 1 | AE59: 1 | AF59: 0 | AG59: 0 | AH59: 0 | AI59: 0 | AJ59: 0 | AK59: 0 | AL59: 0 | AM59: 0 | AN59: 0 | AO59: 0 | AP59: 0 | AQ59: 0 | AR59: 0
C60: Code Back – End Quản lý bài tập và kết quả | E60: Hoàng | G60: 5 | H60: 5 | I60: 5 | J60: 5 | K60: 5 | L60: 5 | M60: 5 | N60: 5 | O60: 5 | P60: 5 | Q60: 5 | R60: 5 | S60: 4 | T60: 4 | U60: 4 | V60: 4 | W60: 4 | X60: 3 | Y60: 3 | Z60: 3 | AA60: 2 | AB60: 2 | AC60: 2 | AD60: 1 | AE60: 1 | AF60: 0 | AG60: 0 | AH60: 0 | AI60: 0 | AJ60: 0 | AK60: 0 | AL60: 0 | AM60: 0 | AN60: 0 | AO60: 0 | AP60: 0 | AQ60: 0 | AR60: 0
C61: Code Front – End Đăng xuất | E61: Trình | G61: 2 | H61: 2 | I61: 2 | J61: 2 | K61: 2 | L61: 2 | M61: 2 | N61: 2 | O61: 2 | P61: 2 | Q61: 2 | R61: 2 | S61: 2 | T61: 2 | U61: 2 | V61: 2 | W61: 2 | X61: 2 | Y61: 2 | Z61: 2 | AA61: 2 | AB61: 2 | AC61: 2 | AD61: 2 | AE61: 1 | AF61: 1 | AG61: 0 | AH61: 0 | AI61: 0 | AJ61: 0 | AK61: 0 | AL61: 0 | AM61: 0 | AN61: 0 | AO61: 0 | AP61: 0 | AQ61: 0 | AR61: 0
C62: Code Back – End Đăng xuất | E62: Trình | G62: 2 | H62: 2 | I62: 2 | J62: 2 | K62: 2 | L62: 2 | M62: 2 | N62: 2 | O62: 2 | P62: 2 | Q62: 2 | R62: 2 | S62: 2 | T62: 2 | U62: 2 | V62: 2 | W62: 2 | X62: 2 | Y62: 2 | Z62: 2 | AA62: 2 | AB62: 2 | AC62: 2 | AD62: 2 | AE62: 1 | AF62: 1 | AG62: 1 | AH62: 0 | AI62: 0 | AJ62: 0 | AK62: 0 | AL62: 0 | AM62: 0 | AN62: 0 | AO62: 0 | AP62: 0 | AQ62: 0 | AR62: 0
C63: Integrate code | E63: All Team | G63: 10 | H63: 10 | I63: 10 | J63: 10 | K63: 10 | L63: 10 | M63: 10 | N63: 10 | O63: 10 | P63: 10 | Q63: 10 | R63: 10 | S63: 10 | T63: 10 | U63: 10 | V63: 10 | W63: 10 | X63: 10 | Y63: 10 | Z63: 10 | AA63: 10 | AB63: 10 | AC63: 10 | AD63: 10 | AE63: 10 | AF63: 10 | AG63: 8 | AH63: 0 | AI63: 0 | AJ63: 0 | AK63: 0 | AL63: 0 | AM63: 0 | AN63: 0 | AO63: 0 | AP63: 0 | AQ63: 0 | AR63: 0
AH64: 2
B65: Testing | C65: Kiểm tra đăng nhập | E65: Viên | G65: 1 | H65: 1 | I65: 1 | J65: 1 | K65: 1 | L65: 1 | M65: 1 | N65: 1 | O65: 1 | P65: 1 | Q65: 1 | R65: 1 | S65: 1 | T65: 1 | U65: 1 | V65: 1 | W65: 1 | X65: 1 | Y65: 1 | Z65: 1 | AA65: 1 | AB65: 1 | AC65: 1 | AD65: 1 | AE65: 1 | AF65: 1 | AG65: 1 | AH65: 1 | AI65: 1 | AJ65: 0 | AK65: 0 | AL65: 0 | AM65: 0 | AN65: 0 | AO65: 0 | AP65: 0 | AQ65: 0 | AR65: 0
C66: Kiểm tra đăng ký | E66: Viên | G66: 1 | H66: 1 | I66: 1 | J66: 1 | K66: 1 | L66: 1 | M66: 1 | N66: 1 | O66: 1 | P66: 1 | Q66: 1 | R66: 1 | S66: 1 | T66: 1 | U66: 1 | V66: 1 | W66: 1 | X66: 1 | Y66: 1 | Z66: 1 | AA66: 1 | AB66: 1 | AC66: 1 | AD66: 1 | AE66: 1 | AF66: 1 | AG66: 1 | AH66: 1 | AI66: 1 | AJ66: 0 | AK66: 0 | AL66: 0 | AM66: 0 | AN66: 0 | AO66: 0 | AP66: 0 | AQ66: 0 | AR66: 0
C67: Kiểm tra đăng xuất | E67: Viên | G67: 1 | H67: 1 | I67: 1 | J67: 1 | K67: 1 | L67: 1 | M67: 1 | N67: 1 | O67: 1 | P67: 1 | Q67: 1 | R67: 1 | S67: 1 | T67: 1 | U67: 1 | V67: 1 | W67: 1 | X67: 1 | Y67: 1 | Z67: 1 | AA67: 1 | AB67: 1 | AC67: 1 | AD67: 1 | AE67: 1 | AF67: 1 | AG67: 1 | AH67: 1 | AI67: 1 | AJ67: 0 | AK67: 0 | AL67: 0 | AM67: 0 | AN67: 0 | AO67: 0 | AP67: 0 | AQ67: 0 | AR67: 0
C68: Kiểm tra quản lý hồ sơ cá nhân | E68: Viên | G68: 1 | H68: 1 | I68: 1 | J68: 1 | K68: 1 | L68: 1 | M68: 1 | N68: 1 | O68: 1 | P68: 1 | Q68: 1 | R68: 1 | S68: 1 | T68: 1 | U68: 1 | V68: 1 | W68: 1 | X68: 1 | Y68: 1 | Z68: 1 | AA68: 1 | AB68: 1 | AC68: 1 | AD68: 1 | AE68: 1 | AF68: 1 | AG68: 1 | AH68: 1 | AI68: 1 | AJ68: 0 | AK68: 0 | AL68: 0 | AM68: 0 | AN68: 0 | AO68: 0 | AP68: 0 | AQ68: 0 | AR68: 0
C69: Kiểm tra đổi mật khẩu | E69: Viên | G69: 1 | H69: 1 | I69: 1 | J69: 1 | K69: 1 | L69: 1 | M69: 1 | N69: 1 | O69: 1 | P69: 1 | Q69: 1 | R69: 1 | S69: 1 | T69: 1 | U69: 1 | V69: 1 | W69: 1 | X69: 1 | Y69: 1 | Z69: 1 | AA69: 1 | AB69: 1 | AC69: 1 | AD69: 1 | AE69: 1 | AF69: 1 | AG69: 1 | AH69: 1 | AI69: 1 | AJ69: 0 | AK69: 0 | AL69: 0 | AM69: 0 | AN69: 0 | AO69: 0 | AP69: 0 | AQ69: 0 | AR69: 0
C70: Kiểm tra quản lý điểm danh | E70: Viên | G70: 1 | H70: 1 | I70: 1 | J70: 1 | K70: 1 | L70: 1 | M70: 1 | N70: 1 | O70: 1 | P70: 1 | Q70: 1 | R70: 1 | S70: 1 | T70: 1 | U70: 1 | V70: 1 | W70: 1 | X70: 1 | Y70: 1 | Z70: 1 | AA70: 1 | AB70: 1 | AC70: 1 | AD70: 1 | AE70: 1 | AF70: 1 | AG70: 1 | AH70: 1 | AI70: 1 | AJ70: 1 | AK70: 0 | AL70: 0 | AM70: 0 | AN70: 0 | AO70: 0 | AP70: 0 | AQ70: 0 | AR70: 0
C71: Kiểm tra quản lý lớp học trực tuyến | E71: Hoàng | G71: 1 | H71: 1 | I71: 1 | J71: 1 | K71: 1 | L71: 1 | M71: 1 | N71: 1 | O71: 1 | P71: 1 | Q71: 1 | R71: 1 | S71: 1 | T71: 1 | U71: 1 | V71: 1 | W71: 1 | X71: 1 | Y71: 1 | Z71: 1 | AA71: 1 | AB71: 1 | AC71: 1 | AD71: 1 | AE71: 1 | AF71: 1 | AG71: 1 | AH71: 1 | AI71: 1 | AJ71: 1 | AK71: 0 | AL71: 0 | AM71: 0 | AN71: 0 | AO71: 0 | AP71: 0 | AQ71: 0 | AR71: 0
C72: Kiểm tra quản lý tài liệu học tập | E72: Hoàng | G72: 1 | H72: 1 | I72: 1 | J72: 1 | K72: 1 | L72: 1 | M72: 1 | N72: 1 | O72: 1 | P72: 1 | Q72: 1 | R72: 1 | S72: 1 | T72: 1 | U72: 1 | V72: 1 | W72: 1 | X72: 1 | Y72: 1 | Z72: 1 | AA72: 1 | AB72: 1 | AC72: 1 | AD72: 1 | AE72: 1 | AF72: 1 | AG72: 1 | AH72: 1 | AI72: 1 | AJ72: 1 | AK72: 0 | AL72: 0 | AM72: 0 | AN72: 0 | AO72: 0 | AP72: 0 | AQ72: 0 | AR72: 0
C73: Kiểm tra quản lý sinh viên | E73: Hoàng | G73: 1 | H73: 1 | I73: 1 | J73: 1 | K73: 1 | L73: 1 | M73: 1 | N73: 1 | O73: 1 | P73: 1 | Q73: 1 | R73: 1 | S73: 1 | T73: 1 | U73: 1 | V73: 1 | W73: 1 | X73: 1 | Y73: 1 | Z73: 1 | AA73: 1 | AB73: 1 | AC73: 1 | AD73: 1 | AE73: 1 | AF73: 1 | AG73: 1 | AH73: 1 | AI73: 1 | AJ73: 1 | AK73: 1 | AL73: 0 | AM73: 0 | AN73: 0 | AO73: 0 | AP73: 0 | AQ73: 0 | AR73: 0
C74: Kiểm tra quản lý bài tập và kết quả | E74: Hoàng | G74: 1 | H74: 1 | I74: 1 | J74: 1 | K74: 1 | L74: 1 | M74: 1 | N74: 1 | O74: 1 | P74: 1 | Q74: 1 | R74: 1 | S74: 1 | T74: 1 | U74: 1 | V74: 1 | W74: 1 | X74: 1 | Y74: 1 | Z74: 1 | AA74: 1 | AB74: 1 | AC74: 1 | AD74: 1 | AE74: 1 | AF74: 1 | AG74: 1 | AH74: 1 | AI74: 1 | AJ74: 1 | AK74: 1 | AL74: 0 | AM74: 0 | AN74: 0 | AO74: 0 | AP74: 0 | AQ74: 0 | AR74: 0
B75: Fix Bug | C75: Sửa lỗi đăng nhập | E75: Vinh, Trình | G75: 1 | H75: 1 | I75: 1 | J75: 1 | K75: 1 | L75: 1 | M75: 1 | N75: 1 | O75: 1 | P75: 1 | Q75: 1 | R75: 1 | S75: 1 | T75: 1 | U75: 1 | V75: 1 | W75: 1 | X75: 1 | Y75: 1 | Z75: 1 | AA75: 1 | AB75: 1 | AC75: 1 | AD75: 1 | AE75: 1 | AF75: 1 | AG75: 1 | AH75: 1 | AI75: 1 | AJ75: 1 | AK75: 1 | AL75: 1 | AM75: 0 | AN75: 0 | AO75: 0 | AP75: 0 | AQ75: 0 | AR75: 0
C76: Sửa lỗi đăng ký | E76: Vinh, Trình | G76: 1 | H76: 1 | I76: 1 | J76: 1 | K76: 1 | L76: 1 | M76: 1 | N76: 1 | O76: 1 | P76: 1 | Q76: 1 | R76: 1 | S76: 1 | T76: 1 | U76: 1 | V76: 1 | W76: 1 | X76: 1 | Y76: 1 | Z76: 1 | AA76: 1 | AB76: 1 | AC76: 1 | AD76: 1 | AE76: 1 | AF76: 1 | AG76: 1 | AH76: 1 | AI76: 1 | AJ76: 1 | AK76: 1 | AL76: 1 | AM76: 0 | AN76: 0 | AO76: 0 | AP76: 0 | AQ76: 0 | AR76: 0
C77: Sửa lỗi đăng xuất | E77: Vinh, Trình | G77: 1 | H77: 1 | I77: 1 | J77: 1 | K77: 1 | L77: 1 | M77: 1 | N77: 1 | O77: 1 | P77: 1 | Q77: 1 | R77: 1 | S77: 1 | T77: 1 | U77: 1 | V77: 1 | W77: 1 | X77: 1 | Y77: 1 | Z77: 1 | AA77: 1 | AB77: 1 | AC77: 1 | AD77: 1 | AE77: 1 | AF77: 1 | AG77: 1 | AH77: 1 | AI77: 1 | AJ77: 1 | AK77: 1 | AL77: 1 | AM77: 0 | AN77: 0 | AO77: 0 | AP77: 0 | AQ77: 0 | AR77: 0
C78: Sửa lỗi quản lý hồ sơ cá nhân | E78: Vinh, Trình | G78: 2 | H78: 2 | I78: 2 | J78: 2 | K78: 2 | L78: 2 | M78: 2 | N78: 2 | O78: 2 | P78: 2 | Q78: 2 | R78: 2 | S78: 2 | T78: 2 | U78: 2 | V78: 2 | W78: 2 | X78: 2 | Y78: 2 | Z78: 2 | AA78: 1 | AB78: 1 | AC78: 1 | AD78: 1 | AE78: 1 | AF78: 1 | AG78: 1 | AH78: 1 | AI78: 1 | AJ78: 1 | AK78: 1 | AL78: 1 | AM78: 0 | AN78: 0 | AO78: 0 | AP78: 0 | AQ78: 0 | AR78: 0
C79: Sửa lỗi quản lý điểm danh | E79: Vinh, Trình | G79: 2 | H79: 2 | I79: 2 | J79: 2 | K79: 2 | L79: 2 | M79: 2 | N79: 2 | O79: 2 | P79: 2 | Q79: 2 | R79: 2 | S79: 2 | T79: 2 | U79: 2 | V79: 2 | W79: 2 | X79: 2 | Y79: 2 | Z79: 2 | AA79: 2 | AB79: 2 | AC79: 2 | AD79: 1 | AE79: 1 | AF79: 1 | AG79: 1 | AH79: 1 | AI79: 1 | AJ79: 1 | AK79: 1 | AL79: 1 | AM79: 0 | AN79: 0 | AO79: 0 | AP79: 0 | AQ79: 0 | AR79: 0
C80: Sửa lỗi quản lý lớp học trực tuyến | E80: Vinh, Trình | G80: 2 | H80: 2 | I80: 2 | J80: 2 | K80: 2 | L80: 2 | M80: 2 | N80: 2 | O80: 2 | P80: 2 | Q80: 2 | R80: 2 | S80: 2 | T80: 2 | U80: 2 | V80: 2 | W80: 2 | X80: 2 | Y80: 2 | Z80: 2 | AA80: 2 | AB80: 2 | AC80: 2 | AD80: 2 | AE80: 2 | AF80: 2 | AG80: 2 | AH80: 2 | AI80: 1 | AJ80: 1 | AK80: 1 | AL80: 1 | AM80: 1 | AN80: 0 | AO80: 0 | AP80: 0 | AQ80: 0 | AR80: 0
C81: Sửa lỗi quản lý tài liệu học tập | E81: Vinh, Trình | G81: 1 | H81: 1 | I81: 1 | J81: 1 | K81: 1 | L81: 1 | M81: 1 | N81: 1 | O81: 1 | P81: 1 | Q81: 1 | R81: 1 | S81: 1 | T81: 1 | U81: 1 | V81: 1 | W81: 1 | X81: 1 | Y81: 1 | Z81: 1 | AA81: 1 | AB81: 1 | AC81: 1 | AD81: 1 | AE81: 1 | AF81: 1 | AG81: 1 | AH81: 1 | AI81: 1 | AJ81: 1 | AK81: 1 | AL81: 1 | AM81: 1 | AN81: 0 | AO81: 0 | AP81: 0 | AQ81: 0 | AR81: 0
C82: Sửa lỗi quản lý sinh viên | E82: Vinh, Trình | G82: 2 | H82: 2 | I82: 2 | J82: 2 | K82: 2 | L82: 2 | M82: 2 | N82: 2 | O82: 2 | P82: 2 | Q82: 2 | R82: 2 | S82: 2 | T82: 2 | U82: 2 | V82: 2 | W82: 2 | X82: 2 | Y82: 2 | Z82: 2 | AA82: 2 | AB82: 2 | AC82: 2 | AD82: 2 | AE82: 2 | AF82: 2 | AG82: 2 | AH82: 2 | AI82: 2 | AJ82: 1 | AK82: 1 | AL82: 1 | AM82: 1 | AN82: 0 | AO82: 0 | AP82: 0 | AQ82: 0 | AR82: 0
C83: Sửa lỗi quản lý bài tập và kết quả | E83: Vinh, Trình | G83: 2 | H83: 2 | I83: 2 | J83: 2 | K83: 2 | L83: 2 | M83: 2 | N83: 2 | O83: 2 | P83: 2 | Q83: 2 | R83: 2 | S83: 2 | T83: 2 | U83: 2 | V83: 2 | W83: 2 | X83: 2 | Y83: 2 | Z83: 2 | AA83: 2 | AB83: 2 | AC83: 2 | AD83: 2 | AE83: 2 | AF83: 2 | AG83: 2 | AH83: 2 | AI83: 2 | AJ83: 1 | AK83: 1 | AL83: 1 | AM83: 1 | AN83: 0 | AO83: 0 | AP83: 0 | AQ83: 0 | AR83: 0
B84: Re-testing | C84: Kiểm tra lại đăng nhập | E84: Trình | G84: 1 | H84: 1 | I84: 1 | J84: 1 | K84: 1 | L84: 1 | M84: 1 | N84: 1 | O84: 1 | P84: 1 | Q84: 1 | R84: 1 | S84: 1 | T84: 1 | U84: 1 | V84: 1 | W84: 1 | X84: 1 | Y84: 1 | Z84: 1 | AA84: 1 | AB84: 1 | AC84: 1 | AD84: 1 | AE84: 1 | AF84: 1 | AG84: 1 | AH84: 1 | AI84: 1 | AJ84: 1 | AK84: 1 | AL84: 1 | AM84: 1 | AN84: 1 | AO84: 0 | AP84: 0 | AQ84: 0 | AR84: 0
C85: Kiểm tra lại đăng xuất | E85: Trình | G85: 1 | H85: 1 | I85: 1 | J85: 1 | K85: 1 | L85: 1 | M85: 1 | N85: 1 | O85: 1 | P85: 1 | Q85: 1 | R85: 1 | S85: 1 | T85: 1 | U85: 1 | V85: 1 | W85: 1 | X85: 1 | Y85: 1 | Z85: 1 | AA85: 1 | AB85: 1 | AC85: 1 | AD85: 1 | AE85: 1 | AF85: 1 | AG85: 1 | AH85: 1 | AI85: 1 | AJ85: 1 | AK85: 1 | AL85: 1 | AM85: 1 | AN85: 1 | AO85: 0 | AP85: 0 | AQ85: 0 | AR85: 0
C86: Kiểm tra lại đăng ký | E86: Trình | G86: 1 | H86: 1 | I86: 1 | J86: 1 | K86: 1 | L86: 1 | M86: 1 | N86: 1 | O86: 1 | P86: 1 | Q86: 1 | R86: 1 | S86: 1 | T86: 1 | U86: 1 | V86: 1 | W86: 1 | X86: 1 | Y86: 1 | Z86: 1 | AA86: 1 | AB86: 1 | AC86: 1 | AD86: 1 | AE86: 1 | AF86: 1 | AG86: 1 | AH86: 1 | AI86: 1 | AJ86: 1 | AK86: 1 | AL86: 1 | AM86: 1 | AN86: 1 | AO86: 0 | AP86: 0 | AQ86: 0 | AR86: 0
C87: Kiểm tra lại Quản lý hồ sơ cá nhân | E87: Trình | G87: 1 | H87: 1 | I87: 1 | J87: 1 | K87: 1 | L87: 1 | M87: 1 | N87: 1 | O87: 1 | P87: 1 | Q87: 1 | R87: 1 | S87: 1 | T87: 1 | U87: 1 | V87: 1 | W87: 1 | X87: 1 | Y87: 1 | Z87: 1 | AA87: 1 | AB87: 1 | AC87: 1 | AD87: 1 | AE87: 1 | AF87: 1 | AG87: 1 | AH87: 1 | AI87: 1 | AJ87: 1 | AK87: 1 | AL87: 1 | AM87: 1 | AN87: 1 | AO87: 0 | AP87: 0 | AQ87: 0 | AR87: 0
C88: Kiểm tra lại Quản lý điểm danh | E88: Trình | G88: 1 | H88: 1 | I88: 1 | J88: 1 | K88: 1 | L88: 1 | M88: 1 | N88: 1 | O88: 1 | P88: 1 | Q88: 1 | R88: 1 | S88: 1 | T88: 1 | U88: 1 | V88: 1 | W88: 1 | X88: 1 | Y88: 1 | Z88: 1 | AA88: 1 | AB88: 1 | AC88: 1 | AD88: 1 | AE88: 1 | AF88: 1 | AG88: 1 | AH88: 1 | AI88: 1 | AJ88: 1 | AK88: 1 | AL88: 1 | AM88: 1 | AN88: 1 | AO88: 0 | AP88: 0 | AQ88: 0 | AR88: 0
C89: Kiểm tra lại Quản lý lớp học trực tuyến | E89: Vinh | G89: 1 | H89: 1 | I89: 1 | J89: 1 | K89: 1 | L89: 1 | M89: 1 | N89: 1 | O89: 1 | P89: 1 | Q89: 1 | R89: 1 | S89: 1 | T89: 1 | U89: 1 | V89: 1 | W89: 1 | X89: 1 | Y89: 1 | Z89: 1 | AA89: 1 | AB89: 1 | AC89: 1 | AD89: 1 | AE89: 1 | AF89: 1 | AG89: 1 | AH89: 1 | AI89: 1 | AJ89: 1 | AK89: 1 | AL89: 1 | AM89: 1 | AN89: 1 | AO89: 1 | AP89: 0 | AQ89: 0 | AR89: 0
C90: Kiểm tra lại Quản lý tài liệu học tập | E90: Vinh | G90: 1 | H90: 1 | I90: 1 | J90: 1 | K90: 1 | L90: 1 | M90: 1 | N90: 1 | O90: 1 | P90: 1 | Q90: 1 | R90: 1 | S90: 1 | T90: 1 | U90: 1 | V90: 1 | W90: 1 | X90: 1 | Y90: 1 | Z90: 1 | AA90: 1 | AB90: 1 | AC90: 1 | AD90: 1 | AE90: 1 | AF90: 1 | AG90: 1 | AH90: 1 | AI90: 1 | AJ90: 1 | AK90: 1 | AL90: 1 | AM90: 1 | AN90: 1 | AO90: 1 | AP90: 0 | AQ90: 0 | AR90: 0
C91: Kiểm tra lại Quản lý sinh viên | E91: Vinh | G91: 1 | H91: 1 | I91: 1 | J91: 1 | K91: 1 | L91: 1 | M91: 1 | N91: 1 | O91: 1 | P91: 1 | Q91: 1 | R91: 1 | S91: 1 | T91: 1 | U91: 1 | V91: 1 | W91: 1 | X91: 1 | Y91: 1 | Z91: 1 | AA91: 1 | AB91: 1 | AC91: 1 | AD91: 1 | AE91: 1 | AF91: 1 | AG91: 1 | AH91: 1 | AI91: 1 | AJ91: 1 | AK91: 1 | AL91: 1 | AM91: 1 | AN91: 1 | AO91: 1 | AP91: 0 | AQ91: 0 | AR91: 0
C92: Kiểm tra lại Quản lý bài tập và kết quả | E92: Vinh | G92: 1 | H92: 1 | I92: 1 | J92: 1 | K92: 1 | L92: 1 | M92: 1 | N92: 1 | O92: 1 | P92: 1 | Q92: 1 | R92: 1 | S92: 1 | T92: 1 | U92: 1 | V92: 1 | W92: 1 | X92: 1 | Y92: 1 | Z92: 1 | AA92: 1 | AB92: 1 | AC92: 1 | AD92: 1 | AE92: 1 | AF92: 1 | AG92: 1 | AH92: 1 | AI92: 1 | AJ92: 1 | AK92: 1 | AL92: 1 | AM92: 1 | AN92: 1 | AO92: 1 | AP92: 0 | AQ92: 0 | AR92: 0
B93: Release Sprint 1 | C93: Sprint 1 review meeting | E93: All team | G93: 5 | H93: 5 | I93: 5 | J93: 5 | K93: 5 | L93: 5 | M93: 5 | N93: 5 | O93: 5 | P93: 5 | Q93: 5 | R93: 5 | S93: 5 | T93: 5 | U93: 5 | V93: 5 | W93: 5 | X93: 5 | Y93: 5 | Z93: 5 | AA93: 5 | AB93: 5 | AC93: 5 | AD93: 5 | AE93: 5 | AF93: 5 | AG93: 5 | AH93: 5 | AI93: 5 | AJ93: 5 | AK93: 5 | AL93: 5 | AM93: 5 | AN93: 5 | AO93: 5 | AP93: 5 | AQ93: 0 | AR93: 0
C94: Sprint 1 retrospective | E94: All team | G94: 5 | H94: 5 | I94: 5 | J94: 5 | K94: 5 | L94: 5 | M94: 5 | N94: 5 | O94: 5 | P94: 5 | Q94: 5 | R94: 5 | S94: 5 | T94: 5 | U94: 5 | V94: 5 | W94: 5 | X94: 5 | Y94: 5 | Z94: 5 | AA94: 5 | AB94: 5 | AC94: 5 | AD94: 5 | AE94: 5 | AF94: 5 | AG94: 5 | AH94: 5 | AI94: 5 | AJ94: 5 | AK94: 5 | AL94: 5 | AM94: 5 | AN94: 5 | AO94: 5 | AP94: 5 | AQ94: 5 | AR94: 0
B95: Tổng | E95: Thực tế | G95: =SUM(G15:G94) -> 189 | I95: =SUM(I15:I94) -> 178 | J95: =SUM(J15:J94) -> 163 | K95: =SUM(K15:K94) -> 153 | L95: =SUM(L15:L94) -> 145 | M95: =SUM(M15:M94) -> 132 | N95: =SUM(N15:N94) -> 122 | O95: =SUM(O15:O94) -> 121 | P95: =SUM(P15:P94) -> 106 | Q95: =SUM(Q15:Q94)+R46 -> 101 | R95: =SUM(R15:R94) -> 93 | S95: =SUM(S15:S94) -> 84 | T95: =SUM(T15:T94) -> 81 | U95: =SUM(U15:U94) -> 81 | V95: =SUM(V15:V94) -> 79 | W95: =SUM(W15:W94) -> 77 | X95: =SUM(X15:X94) -> 72 | Y95: =SUM(Y15:Y94) -> 72 | Z95: =SUM(Z15:Z94)-Z64 -> 70 | AA95: =SUM(AA15:AA94) -> 65 | AB95: =SUM(AB15:AB94) -> 65 | AC95: =SUM(AC15:AC94) -> 62 | AD95: =SUM(AD15:AD94) -> 59 | AE95: =SUM(AE15:AE94) -> 58 | AF95: =SUM(AF15:AF94) -> 53 | AG95: =SUM(AG15:AG94) -> 50 | AH95: =SUM(AH15:AH94)-AH64 -> 41 | AI95: =SUM(AI15:AI94) -> 40 | AJ95: =SUM(AJ15:AJ94) -> 33 | AK95: =SUM(AK15:AK94) -> 30 | AL95: =SUM(AL15:AL94) -> 28 | AM95: =SUM(AM15:AM94) -> 23 | AN95: =SUM(AN15:AN94) -> 19 | AO95: =SUM(AO15:AO94) -> 14 | AP95: =SUM(AP15:AP94) -> 10 | ... AR95: =SUM(AR15:AR94) -> 0
E96: Ước tính | G96: =SUM(H15:H94) -> 186 | I96: =SUM(I15:I94) -> 178 | J96: =SUM(J15:J94) -> 163 | K96: =SUM(K15:K94)-K21 -> 151 | L96: =SUM(L15:L94)-L22 -> 143 | M96: =SUM(M15:M94)-M30 -> 133 | N96: =SUM(N15:N94)-N30 -> 122 | O96: =SUM(O15:O94)-P39-P42 -> 119 | P96: =SUM(P15:P94)-P39-P42 -> 104 | Q96: =SUM(Q15:Q94) -> 100 | R96: =SUM(R15:R94)-R46 -> 92 | S96: =SUM(S15:S94) -> 84 | T96: =SUM(T15:T94) -> 81 | U96: =SUM(U15:U94) -> 81 | V96: =SUM(V15:V94) -> 79 | W96: =SUM(W15:W94) -> 77 | X96: =SUM(X15:X94) -> 72 | Y96: =SUM(Y15:Y94) -> 72 | Z96: =SUM(Z15:Z94) -> 70 | ... AD96: =SUM(AD15:AD94) -> 59 | AE96: =SUM(AE15:AE94)-AE56 -> 55 | AF96: =SUM(AF15:AF94) -> 53 | AG96: =SUM(AG15:AG94) -> 50 | AH96: =SUM(AH15:AH94) -> 43 | AI96: =SUM(AI15:AI94) -> 40 | AJ96: =SUM(AJ15:AJ94) -> 33 | AK96: =SUM(AK15:AK94) -> 30 | AL96: =SUM(AL15:AL94) -> 28 | AM96: =SUM(AM15:AM94) -> 23 | ... AR96: =SUM(AR15:AR94) -> 0

Sheet Sprint 2
A1: Project name: | C1: AgoraLearn+ Nền tảng học trực tuyến với AI Attendance, phân tích tương tác học tập và gợi ý cải thiện | F1: Kết thúc
A2: Module name: | C2: Sprint 2 | F2: Tăng ca
A3: Start date: | C3: 45699 | F3: Muộn
A4: End date: | C4: 46003 | F4: Chậm tiến độ
F5: Trước thời hạn
B6: SPRINT 2 REPORT
B7: No | C7: Thành viên | D7: Thực tế | E7: Ước tính
B8: 1 | C8: Nguyễn Văn Viên | D8: =SUMIF($E$15:$F$82,"Viên",$G$15:$G$82)+SUMIF($E$15:$F$82,"All team",$G$15:$G$82)/4+SUMIF($E$15:$F$82,"Hoàng, Viên",$G$15:$G$82)/2+SUMIF($E$15:$F$82,"Viên, Vinh",$G$15:$G$82)/2 -> 27.25 | E8: =SUMIF($E$15:$F$82,"Viên",$H$15:$H$82)+SUMIF($E$15:$F$82,"All team",$H$15:$H$82)/4+SUMIF($E$15:$F$82,"Hoàng, Viên",$H$15:$H$82)/2+SUMIF($E$15:$F$82,"Viên, Vinh",$H$15:$H$82)/2 -> 39.5
B9: 2 | C9: Lê Tuấn Trình | D9: =SUMIF($E$15:$F$82,"Trình",$G$15:$G$82)+SUMIF($E$15:$F$82,"All team",$G$15:$G$82)/4+SUMIF($E$15:$F$82,"Trình,Vinh",$G$15:$G$82)/2+SUMIF($E$15:$F$82,"Trình, Hoàng",$G$15:$G$82)/2 -> 25.25 | E9: =SUMIF($E$15:$F$82,"Trình",$H$15:$H$82)+SUMIF($E$15:$F$82,"All team",$H$15:$H$82)/4+SUMIF($E$15:$F$82,"Trình, Hoàng",$H$15:$H$82)/2+SUMIF($E$15:$F$82,"Trình,Vinh",$H$15:$H$82)/2 -> 31.5
B10: 3 | C10: Dương Quang Vinh | D10: =SUMIF($E$15:$F$82,"Vinh",$G$15:$G$82)+SUMIF($E$15:$F$82,"All team",$G$15:$G$82)/4+SUMIF($E$15:$F$82,"Vinh, Hoàng",$G$15:$G$82)/2+SUMIF($E$15:$F$82,"Trình, Vinh",$G$15:$G$82)/2+SUMIF($E$15:$F$82,"Viên, Vinh",$G$15:$G$82)/2 -> 19.25 | E10: =SUMIF($E$15:$F$82,"Vinh",$H$15:$H$82)+SUMIF($E$15:$F$82,"All team",$H$15:$H$82)/4+SUMIF($E$15:$F$82,"Vinh, Hoàng",$H$15:$H$82)/2+SUMIF($E$15:$F$82,"Trình, Vinh",$G$15:$G$82)/2+SUMIF($E$15:$F$82,"Viên, Vinh",$G$15:$G$82)/2 -> 21.5
B11: 4 | C11: Trần Dương Huy Hoàng | D11: =SUMIF($E$15:$F$82,"Hoàng",$G$15:$G$82)+SUMIF($E$15:$F$82,"All team",$G$15:$G$82)/4+SUMIF($E$15:$F$82,"Trình, Hoàng",$G$15:$G$82)/2+SUMIF($E$15:$F$82,"Hoàng, Viên",$G$15:$G$82)/2+SUMIF($E$15:$F$82,"Vinh, Hoàng",$G$15:$G$82)/2 -> 29.75 | E11: =SUMIF($E$15:$F$82,"Hoàng",$H$15:$H$82)+SUMIF($E$15:$F$82,"All team",$H$15:$H$82)/4+SUMIF($E$15:$F$82,"Trình, Hoàng",$H$15:$H$82)/2+SUMIF($E$15:$F$82,"Hoàng, Viên",$H$15:$H$82)/2+SUMIF($E$15:$F$82,"Vinh, Hoàng",$H$15:$H$82)/2 -> 33
B12: Tổng | D12: =SUM(D8:D11) -> 101.5 | E12: =SUM(E8:E11) -> 125.5
A14: Sprint | B14: Compoment | C14: Task name | E14: Responsible Member | G14: Thực tế | H14: Ước tính | I14: 45598 | J14: 45599 | K14: 45600 | L14: 45601 | M14: 45602 | N14: 45603 | O14: 45604 | P14: 45605 | Q14: 45606 | R14: 45607 | S14: 45608 | T14: 45609 | U14: 45610 | V14: 45611 | W14: 45612 | X14: 45613 | Y14: 45614 | Z14: 45615 | AA14: 45616 | AB14: 45617 | AC14: 45618 | AD14: 45619 | AE14: 45620 | AF14: 45621 | AG14: 45622 | AH14: 45623 | AI14: 45624 | AJ14: 45625 | AK14: 45626 | AL14: 45627 | AM14: 45628 | AN14: 45629 | AO14: 45630 | AP14: 45631 | AQ14: 45632 | AR14: 45633 | AS14: 45634 | AT14: 45635 | AU14: 45636 | AV14: 45637 | AW14: 45638
A15: Sprint 2 | B15: Họp kế hoạch Sprint 2 | E15: All team | G15: 10 | H15: 10 | I15: 0 | J15: 0 | K15: 0 | L15: 0 | M15: 0 | N15: 0 | O15: 0 | P15: 0 | Q15: 0 | R15: 0 | S15: 0 | T15: 0 | U15: 0 | V15: 0 | W15: 0 | X15: 0 | Y15: 0 | Z15: 0 | AA15: 0 | AB15: 0 | AC15: 0 | AD15: 0 | AE15: 0 | AF15: 0 | AG15: 0 | AH15: 0 | AI15: 0 | AJ15: 0 | AK15: 0 | AL15: 0 | AM15: 0 | AN15: 0 | AO15: 0 | AP15: 0 | AQ15: 0 | AR15: 0 | AS15: 0 | AT15: 0 | AU15: 0 | AV15: 0 | AW15: 0
B16: Tạo Sprint Backlog 2 | E16: Hoàng, Viên | G16: 2 | H16: 4 | I16: 2 | J16: 2 | K16: 0 | L16: 0 | M16: 0 | N16: 0 | O16: 0 | P16: 0 | Q16: 0 | R16: 0 | S16: 0 | T16: 0 | U16: 0 | V16: 0 | W16: 0 | X16: 0 | Y16: 0 | Z16: 0 | AA16: 0 | AB16: 0 | AC16: 0 | AD16: 0 | AE16: 0 | AF16: 0 | AG16: 0 | AH16: 0 | AI16: 0 | AJ16: 0 | AK16: 0 | AL16: 0 | AM16: 0 | AN16: 0 | AO16: 0 | AP16: 0 | AQ16: 0 | AR16: 0 | AS16: 0 | AT16: 0 | AU16: 0 | AV16: 0 | AW16: 0
K17: 2 | Z17: 0 | AA17: 0 | AB17: 0 | AC17: 0 | AD17: 0 | AE17: 0 | AF17: 0 | AG17: 0 | AH17: 0 | AI17: 0 | AJ17: 0 | AK17: 0 | AL17: 0 | AM17: 0 | AN17: 0 | AO17: 0 | AP17: 0 | AQ17: 0 | AR17: 0 | AS17: 0 | AT17: 0 | AU17: 0 | AV17: 0 | AW17: 0
B18: Tạo tài liệu kiểm thử cho Sprint 2 | E18: Viên, Vinh | G18: 4 | H18: 4 | I18: 4 | J18: 4 | K18: 0 | L18: 0 | M18: 0 | N18: 0 | O18: 0 | P18: 0 | Q18: 0 | R18: 0 | S18: 0 | T18: 0 | U18: 0 | V18: 0 | W18: 0 | X18: 0 | Y18: 0 | Z18: 0 | AA18: 0 | AB18: 0 | AC18: 0 | AD18: 0 | AE18: 0 | AF18: 0 | AG18: 0 | AH18: 0 | AI18: 0 | AJ18: 0 | AK18: 0 | AL18: 0 | AM18: 0 | AN18: 0 | AO18: 0 | AP18: 0 | AQ18: 0 | AR18: 0 | AS18: 0 | AT18: 0 | AU18: 0 | AV18: 0 | AW18: 0
B19: User interface design | C19: Xem lớp học | E19: Viên | G19: 2 | H19: 4 | I19: 2 | J19: 2 | K19: 2 | L19: 0 | M19: 0 | N19: 0 | O19: 0 | P19: 0 | Q19: 0 | R19: 0 | S19: 0 | T19: 0 | U19: 0 | V19: 0 | W19: 0 | X19: 0 | Y19: 0 | Z19: 0 | AA19: 0 | AB19: 0 | AC19: 0 | AD19: 0 | AE19: 0 | AF19: 0 | AG19: 0 | AH19: 0 | AI19: 0 | AJ19: 0 | AK19: 0 | AL19: 0 | AM19: 0 | AN19: 0 | AO19: 0 | AP19: 0 | AQ19: 0 | AR19: 0 | AS19: 0 | AT19: 0 | AU19: 0 | AV19: 0 | AW19: 0
C20: Quản lí sự kiện | E20: Trình | G20: 1 | H20: 1 | I20: 1 | J20: 1 | K20: 1 | L20: 1 | M20: 0 | N20: 0 | O20: 0 | P20: 0 | Q20: 0 | R20: 0 | S20: 0 | T20: 0 | U20: 0 | V20: 0 | W20: 0 | X20: 0 | Y20: 0 | Z20: 0 | AA20: 0 | AB20: 0 | AC20: 0 | AD20: 0 | AE20: 0 | AF20: 0 | AG20: 0 | AH20: 0 | AI20: 0 | AJ20: 0 | AK20: 0 | AL20: 0 | AM20: 0 | AN20: 0 | AO20: 0 | AP20: 0 | AQ20: 0 | AR20: 0 | AS20: 0 | AT20: 0 | AU20: 0 | AV20: 0 | AW20: 0
C21: Quản lý khóa học | E21: Vinh | G21: 1 | H21: 1 | I21: 1 | J21: 1 | K21: 1 | L21: 1 | M21: 0 | N21: 0 | O21: 0 | P21: 0 | Q21: 0 | R21: 0 | S21: 0 | T21: 0 | U21: 0 | V21: 0 | W21: 0 | X21: 0 | Y21: 0 | Z21: 0 | AA21: 0 | AB21: 0 | AC21: 0 | AD21: 0 | AE21: 0 | AF21: 0 | AG21: 0 | AH21: 0 | AI21: 0 | AJ21: 0 | AK21: 0 | AL21: 0 | AM21: 0 | AN21: 0 | AO21: 0 | AP21: 0 | AQ21: 0 | AR21: 0 | AS21: 0 | AT21: 0 | AU21: 0 | AV21: 0 | AW21: 0
C22: Quản lý giảng viên | E22: Vinh | G22: 2 | H22: 2 | I22: 2 | J22: 2 | K22: 2 | L22: 2 | M22: 2 | N22: 0 | O22: 0 | P22: 0 | Q22: 0 | R22: 0 | S22: 0 | T22: 0 | U22: 0 | V22: 0 | W22: 0 | X22: 0 | Y22: 0 | Z22: 0 | AA22: 0 | AB22: 0 | AC22: 0 | AD22: 0 | AE22: 0 | AF22: 0 | AG22: 0 | AH22: 0 | AI22: 0 | AJ22: 0 | AK22: 0 | AL22: 0 | AM22: 0 | AN22: 0 | AO22: 0 | AP22: 0 | AQ22: 0 | AR22: 0 | AS22: 0 | AT22: 0 | AU22: 0 | AV22: 0 | AW22: 0
C23: Quản lý báo cáo và thống kê | E23: Trình | G23: 1 | H23: 1 | I23: 1 | J23: 1 | K23: 1 | L23: 1 | M23: 1 | N23: 1 | O23: 0 | P23: 0 | Q23: 0 | R23: 0 | S23: 0 | T23: 0 | U23: 0 | V23: 0 | W23: 0 | X23: 0 | Y23: 0 | Z23: 0 | AA23: 0 | AB23: 0 | AC23: 0 | AD23: 0 | AE23: 0 | AF23: 0 | AG23: 0 | AH23: 0 | AI23: 0 | AJ23: 0 | AK23: 0 | AL23: 0 | AM23: 0 | AN23: 0 | AO23: 0 | AP23: 0 | AQ23: 0 | AR23: 0 | AS23: 0 | AT23: 0 | AU23: 0 | AV23: 0 | AW23: 0
C24: Quản lí điểm | E24: Hoàng | G24: 1 | H24: 1 | I24: 2 | J24: 2 | K24: 2 | L24: 2 | M24: 2 | N24: 2 | O24: 0 | P24: 0 | Q24: 0 | R24: 0 | S24: 0 | T24: 0 | U24: 0 | V24: 0 | W24: 0 | X24: 0 | Y24: 0 | Z24: 0 | AA24: 0 | AB24: 0 | AC24: 0 | AD24: 0 | AE24: 0 | AF24: 0 | AG24: 0 | AH24: 0 | AI24: 0 | AJ24: 0 | AK24: 0 | AL24: 0 | AM24: 0 | AN24: 0 | AO24: 0 | AP24: 0 | AQ24: 0 | AR24: 0 | AS24: 0 | AT24: 0 | AU24: 0 | AV24: 0 | AW24: 0
C25: Quản lý phân quyền | E25: Hoàng | G25: 1 | H25: 1 | I25: 2 | J25: 2 | K25: 2 | L25: 2 | M25: 2 | N25: 2 | O25: 2 | P25: 0 | Q25: 0 | R25: 0 | S25: 0 | T25: 0 | U25: 0 | V25: 0 | W25: 0 | X25: 0 | Y25: 0 | Z25: 0 | AA25: 0 | AB25: 0 | AC25: 0 | AD25: 0 | AE25: 0 | AF25: 0 | AG25: 0 | AH25: 0 | AI25: 0 | AJ25: 0 | AK25: 0 | AL25: 0 | AM25: 0 | AN25: 0 | AO25: 0 | AP25: 0 | AQ25: 0 | AR25: 0 | AS25: 0 | AT25: 0 | AU25: 0 | AV25: 0 | AW25: 0
C26: Review all user interfaces of sprint 2 | E26: All team | G26: 5 | H26: 10 | I26: 5 | J26: 5 | K26: 5 | L26: 5 | M26: 5 | N26: 5 | O26: 5 | P26: 5 | Q26: 5 | R26: 0 | S26: 0 | T26: 0 | U26: 0 | V26: 0 | W26: 0 | X26: 0 | Y26: 0 | Z26: 0 | AA26: 0 | AB26: 0 | AC26: 0 | AD26: 0 | AE26: 0 | AF26: 0 | AG26: 0 | AH26: 0 | AI26: 0 | AJ26: 0 | AK26: 0 | AL26: 0 | AM26: 0 | AN26: 0 | AO26: 0 | AP26: 0 | AQ26: 0 | AR26: 0 | AS26: 0 | AT26: 0 | AU26: 0 | AV26: 0 | AW26: 0
K27: 0 | R27: 5 | Z27: 0 | AA27: 0 | AB27: 0 | AC27: 0 | AD27: 0 | AE27: 0 | AF27: 0 | AG27: 0 | AH27: 0 | AI27: 0 | AJ27: 0 | AK27: 0 | AL27: 0 | AM27: 0 | AN27: 0 | AO27: 0 | AP27: 0 | AQ27: 0 | AR27: 0 | AS27: 0 | AT27: 0 | AU27: 0 | AV27: 0 | AW27: 0
B28: Design test case | C28: Thiết kế trường kiểm thử cho xem lớp học | E28: Hoàng | G28: 2 | H28: 3 | I28: 2 | J28: 2 | K28: 2 | L28: 2 | M28: 2 | N28: 2 | O28: 2 | P28: 2 | Q28: 2 | R28: 2 | S28: 0 | T28: 0 | U28: 0 | V28: 0 | W28: 0 | X28: 0 | Y28: 0 | Z28: 0 | AA28: 0 | AB28: 0 | AC28: 0 | AD28: 0 | AE28: 0 | AF28: 0 | AG28: 0 | AH28: 0 | AI28: 0 | AJ28: 0 | AK28: 0 | AL28: 0 | AM28: 0 | AN28: 0 | AO28: 0 | AP28: 0 | AQ28: 0 | AR28: 0 | AS28: 0 | AT28: 0 | AU28: 0 | AV28: 0 | AW28: 0
S29: 1 | Z29: 0 | AA29: 0 | AB29: 0 | AC29: 0 | AD29: 0 | AE29: 0 | AF29: 0 | AG29: 0 | AH29: 0 | AI29: 0 | AJ29: 0 | AK29: 0 | AL29: 0 | AM29: 0 | AN29: 0 | AO29: 0 | AP29: 0 | AQ29: 0 | AR29: 0 | AS29: 0 | AT29: 0 | AU29: 0 | AV29: 0 | AW29: 0
C30: Thiết kế trường kiểm thử cho Quản lí sự kiện | E30: Hoàng | G30: 1 | H30: 2 | I30: 1 | J30: 1 | K30: 1 | L30: 1 | M30: 1 | N30: 1 | O30: 1 | P30: 1 | Q30: 1 | R30: 1 | S30: 0 | T30: 0 | U30: 0 | V30: 0 | W30: 0 | X30: 0 | Y30: 0 | Z30: 0 | AA30: 0 | AB30: 0 | AC30: 0 | AD30: 0 | AE30: 0 | AF30: 0 | AG30: 0 | AH30: 0 | AI30: 0 | AJ30: 0 | AK30: 0 | AL30: 0 | AM30: 0 | AN30: 0 | AO30: 0 | AP30: 0 | AQ30: 0 | AR30: 0 | AS30: 0 | AT30: 0 | AU30: 0 | AV30: 0 | AW30: 0
S31: 1 | Z31: 0 | AA31: 0 | AB31: 0 | AC31: 0 | AD31: 0 | AE31: 0 | AF31: 0 | AG31: 0 | AH31: 0 | AI31: 0 | AJ31: 0 | AK31: 0 | AL31: 0 | AM31: 0 | AN31: 0 | AO31: 0 | AP31: 0 | AQ31: 0 | AR31: 0 | AS31: 0 | AT31: 0 | AU31: 0 | AV31: 0 | AW31: 0
C32: Thiết kế trường kiểm thử cho Quản lý khóa học | E32: Trình | G32: 1 | H32: 2 | I32: 1 | J32: 1 | K32: 1 | L32: 1 | M32: 1 | N32: 1 | O32: 1 | P32: 1 | Q32: 1 | R32: 1 | S32: 0 | T32: 0 | U32: 0 | V32: 0 | W32: 0 | X32: 0 | Y32: 0 | Z32: 0 | AA32: 0 | AB32: 0 | AC32: 0 | AD32: 0 | AE32: 0 | AF32: 0 | AG32: 0 | AH32: 0 | AI32: 0 | AJ32: 0 | AK32: 0 | AL32: 0 | AM32: 0 | AN32: 0 | AO32: 0 | AP32: 0 | AQ32: 0 | AR32: 0 | AS32: 0 | AT32: 0 | AU32: 0 | AV32: 0 | AW32: 0
S33: 1 | Z33: 0 | AA33: 0 | AB33: 0 | AC33: 0 | AD33: 0 | AE33: 0 | AF33: 0 | AG33: 0 | AH33: 0 | AI33: 0 | AJ33: 0 | AK33: 0 | AL33: 0 | AM33: 0 | AN33: 0 | AO33: 0 | AP33: 0 | AQ33: 0 | AR33: 0 | AS33: 0 | AT33: 0 | AU33: 0 | AV33: 0 | AW33: 0
C34: Thiết kế trường kiểm thử cho Quản lý giảng viên | E34: Trình | G34: 1 | H34: 2 | I34: 1 | J34: 1 | K34: 1 | L34: 1 | M34: 1 | N34: 1 | O34: 1 | P34: 1 | Q34: 1 | R34: 1 | S34: 0 | T34: 0 | U34: 0 | V34: 0 | W34: 0 | X34: 0 | Y34: 0 | Z34: 0 | AA34: 0 | AB34: 0 | AC34: 0 | AD34: 0 | AE34: 0 | AF34: 0 | AG34: 0 | AH34: 0 | AI34: 0 | AJ34: 0 | AK34: 0 | AL34: 0 | AM34: 0 | AN34: 0 | AO34: 0 | AP34: 0 | AQ34: 0 | AR34: 0 | AS34: 0 | AT34: 0 | AU34: 0 | AV34: 0 | AW34: 0
S35: 1 | Z35: 0 | AA35: 0 | AB35: 0 | AC35: 0 | AD35: 0 | AE35: 0 | AF35: 0 | AG35: 0 | AH35: 0 | AI35: 0 | AJ35: 0 | AK35: 0 | AL35: 0 | AM35: 0 | AN35: 0 | AO35: 0 | AP35: 0 | AQ35: 0 | AR35: 0 | AS35: 0 | AT35: 0 | AU35: 0 | AV35: 0 | AW35: 0
C36: Thiết kế trường kiểm thử cho Quản lý báo cáo và thống kê | E36: Viên | G36: 1 | H36: 2 | I36: 1 | J36: 1 | K36: 1 | L36: 1 | M36: 1 | N36: 1 | O36: 1 | P36: 1 | Q36: 1 | R36: 1 | S36: 1 | T36: 0 | U36: 0 | V36: 0 | W36: 0 | X36: 0 | Y36: 0 | Z36: 0 | AA36: 0 | AB36: 0 | AC36: 0 | AD36: 0 | AE36: 0 | AF36: 0 | AG36: 0 | AH36: 0 | AI36: 0 | AJ36: 0 | AK36: 0 | AL36: 0 | AM36: 0 | AN36: 0 | AO36: 0 | AP36: 0 | AQ36: 0 | AR36: 0 | AS36: 0 | AT36: 0 | AU36: 0 | AV36: 0 | AW36: 0
T37: 1 | Z37: 0 | AA37: 0 | AB37: 0 | AC37: 0 | AD37: 0 | AE37: 0 | AF37: 0 | AG37: 0 | AH37: 0 | AI37: 0 | AJ37: 0 | AK37: 0 | AL37: 0 | AM37: 0 | AN37: 0 | AO37: 0 | AP37: 0 | AQ37: 0 | AR37: 0 | AS37: 0 | AT37: 0 | AU37: 0 | AV37: 0 | AW37: 0
C38: Thiết kế trường kiểm thử cho Quản lí điểm | E38: Viên | G38: 1 | H38: 2 | I38: 1 | J38: 1 | K38: 1 | L38: 1 | M38: 1 | N38: 1 | O38: 1 | P38: 1 | Q38: 1 | R38: 1 | S38: 1 | T38: 0 | U38: 0 | V38: 0 | W38: 0 | X38: 0 | Y38: 0 | Z38: 0 | AA38: 0 | AB38: 0 | AC38: 0 | AD38: 0 | AE38: 0 | AF38: 0 | AG38: 0 | AH38: 0 | AI38: 0 | AJ38: 0 | AK38: 0 | AL38: 0 | AM38: 0 | AN38: 0 | AO38: 0 | AP38: 0 | AQ38: 0 | AR38: 0 | AS38: 0 | AT38: 0 | AU38: 0 | AV38: 0 | AW38: 0
T39: 1 | Z39: 0 | AA39: 0 | AB39: 0 | AC39: 0 | AD39: 0 | AE39: 0 | AF39: 0 | AG39: 0 | AH39: 0 | AI39: 0 | AJ39: 0 | AK39: 0 | AL39: 0 | AM39: 0 | AN39: 0 | AO39: 0 | AP39: 0 | AQ39: 0 | AR39: 0 | AS39: 0 | AT39: 0 | AU39: 0 | AV39: 0 | AW39: 0
C40: Thiết kế trường kiểm thử cho Quản lý phân quyền | E40: Viên | G40: 1 | H40: 2 | I40: 1 | J40: 1 | K40: 1 | L40: 1 | M40: 1 | N40: 1 | O40: 1 | P40: 1 | Q40: 1 | R40: 1 | S40: 1 | T40: 0 | U40: 0 | V40: 0 | W40: 0 | X40: 0 | Y40: 0 | Z40: 0 | AA40: 0 | AB40: 0 | AC40: 0 | AD40: 0 | AE40: 0 | AF40: 0 | AG40: 0 | AH40: 0 | AI40: 0 | AJ40: 0 | AK40: 0 | AL40: 0 | AM40: 0 | AN40: 0 | AO40: 0 | AP40: 0 | AQ40: 0 | AR40: 0 | AS40: 0 | AT40: 0 | AU40: 0 | AV40: 0 | AW40: 0
T41: 1 | Z41: 0 | AA41: 0 | AB41: 0 | AC41: 0 | AD41: 0 | AE41: 0 | AF41: 0 | AG41: 0 | AH41: 0 | AI41: 0 | AJ41: 0 | AK41: 0 | AL41: 0 | AM41: 0 | AN41: 0 | AO41: 0 | AP41: 0 | AQ41: 0 | AR41: 0 | AS41: 0 | AT41: 0 | AU41: 0 | AV41: 0 | AW41: 0
C42: Review all test case of sprint 2 | E42: All teams | G42: 7 | H42: 10 | I42: 7 | J42: 7 | K42: 7 | L42: 7 | M42: 7 | N42: 0 | O42: 0 | P42: 0 | Q42: 0 | R42: 0 | S42: 0 | T42: 0 | U42: 0 | V42: 0 | W42: 0 | X42: 0 | Y42: 0 | Z42: 0 | AA42: 0 | AB42: 0 | AC42: 0 | AD42: 0 | AE42: 0 | AF42: 0 | AG42: 0 | AH42: 0 | AI42: 0 | AJ42: 0 | AK42: 0 | AL42: 0 | AM42: 0 | AN42: 0 | AO42: 0 | AP42: 0 | AQ42: 0 | AR42: 0 | AS42: 0 | AT42: 0 | AU42: 0 | AV42: 0 | AW42: 0
N43: 3 | Z43: 0 | AA43: 0 | AB43: 0 | AC43: 0 | AD43: 0 | AE43: 0 | AF43: 0 | AG43: 0 | AH43: 0 | AI43: 0 | AJ43: 0 | AK43: 0 | AL43: 0 | AM43: 0 | AN43: 0 | AO43: 0 | AP43: 0 | AQ43: 0 | AR43: 0 | AS43: 0 | AT43: 0 | AU43: 0 | AV43: 0 | AW43: 0
B44: Coding | C44: Code Front – End Thống kê | E44: Trình | G44: 1 | H44: 2 | I44: 1 | J44: 1 | K44: 1 | L44: 1 | M44: 1 | N44: 1 | O44: 1 | P44: 1 | Q44: 1 | R44: 1 | S44: 1 | T44: 1 | U44: 1 | V44: 0 | W44: 0 | X44: 0 | Y44: 0 | Z44: 0 | AA44: 0 | AB44: 0 | AC44: 0 | AD44: 0 | AE44: 0 | AF44: 0 | AG44: 0 | AH44: 0 | AI44: 0 | AJ44: 0 | AK44: 0 | AL44: 0 | AM44: 0 | AN44: 0 | AO44: 0 | AP44: 0 | AQ44: 0 | AR44: 0 | AS44: 0 | AT44: 0 | AU44: 0 | AV44: 0 | AW44: 0
O45: 2 | P45: 0 | V45: 1 | Z45: 0 | AA45: 0 | AB45: 0 | AC45: 0 | AD45: 0 | AE45: 0 | AF45: 0 | AG45: 0 | AH45: 0 | AI45: 0 | AJ45: 0 | AK45: 0 | AL45: 0 | AM45: 0 | AN45: 0 | AO45: 0 | AP45: 0 | AQ45: 0 | AR45: 0 | AS45: 0 | AT45: 0 | AU45: 0 | AV45: 0 | AW45: 0
C46: Code back-end Thống kê | E46: Trình, Vinh | G46: 3 | H46: 3 | I46: 2 | J46: 2 | K46: 2 | L46: 2 | M46: 2 | N46: 2 | O46: 2 | P46: 2 | Q46: 2 | R46: 2 | S46: 2 | T46: 2 | U46: 2 | V46: 2 | W46: 1 | X46: 0 | Y46: 0 | Z46: 0 | AA46: 0 | AB46: 0 | AC46: 0 | AD46: 0 | AE46: 0 | AF46: 0 | AG46: 0 | AH46: 0 | AI46: 0 | AJ46: 0 | AK46: 0 | AL46: 0 | AM46: 0 | AN46: 0 | AO46: 0 | AP46: 0 | AQ46: 0 | AR46: 0 | AS46: 0 | AT46: 0 | AU46: 0 | AV46: 0 | AW46: 0
C47: Thiết kế front-end Xem lớp học | E47: Hoàng | G47: 2 | H47: 2 | I47: 2 | J47: 2 | K47: 2 | L47: 2 | M47: 2 | N47: 2 | O47: 2 | P47: 2 | Q47: 2 | R47: 2 | S47: 2 | T47: 2 | U47: 2 | V47: 2 | W47: 2 | X47: 2 | Y47: 0 | Z47: 0 | AA47: 0 | AB47: 0 | AC47: 0 | AD47: 0 | AE47: 0 | AF47: 0 | AG47: 0 | AH47: 0 | AI47: 0 | AJ47: 0 | AK47: 0 | AL47: 0 | AM47: 0 | AN47: 0 | AO47: 0 | AP47: 0 | AQ47: 0 | AR47: 0 | AS47: 0 | AT47: 0 | AU47: 0 | AV47: 0 | AW47: 0
C48: Code back-end Xem lớp học | E48: Hoàng | G48: 6 | H48: 4 | I48: 2 | J48: 2 | K48: 2 | L48: 2 | M48: 2 | N48: 2 | O48: 2 | P48: 2 | Q48: 2 | R48: 2 | S48: 2 | T48: 2 | U48: 2 | V48: 2 | W48: 2 | X48: 2 | Y48: 2 | Z48: 0 | AA48: 0 | AB48: 0 | AC48: 0 | AD48: 0 | AE48: 0 | AF48: 0 | AG48: 0 | AH48: 0 | AI48: 0 | AJ48: 0 | AK48: 0 | AL48: 0 | AM48: 0 | AN48: 0 | AO48: 0 | AP48: 0 | AQ48: 0 | AR48: 0 | AS48: 0 | AT48: 0 | AU48: 0 | AV48: 0 | AW48: 0
P49: 0 | Z49: 0 | AA49: 0 | AB49: 0 | AC49: 0 | AD49: 0 | AE49: 0 | AF49: 0 | AG49: 0 | AH49: 0 | AI49: 0 | AJ49: 0 | AK49: 0 | AL49: 0 | AM49: 0 | AN49: 0 | AO49: 0 | AP49: 0 | AQ49: 0 | AR49: 0 | AS49: 0 | AT49: 0 | AU49: 0 | AV49: 0 | AW49: 0
C50: Thiết kế front-end Quản lí sự kiện | E50: Hoàng | G50: 2 | H50: 2 | I50: 2 | J50: 2 | K50: 2 | L50: 2 | M50: 2 | N50: 2 | O50: 2 | P50: 2 | Q50: 2 | R50: 2 | S50: 2 | T50: 2 | U50: 2 | V50: 2 | W50: 2 | X50: 2 | Y50: 2 | Z50: 2 | AA50: 0 | AB50: 0 | AC50: 0 | AD50: 0 | AE50: 0 | AF50: 0 | AG50: 0 | AH50: 0 | AI50: 0 | AJ50: 0 | AK50: 0 | AL50: 0 | AM50: 0 | AN50: 0 | AO50: 0 | AP50: 0 | AQ50: 0 | AR50: 0 | AS50: 0 | AT50: 0 | AU50: 0 | AV50: 0 | AW50: 0
C51: Code back-end Quản lí sự kiện | E51: Trình | G51: 4 | H51: 3 | P51: 0 | Z51: 0 | AA51: 0 | AB51: 0 | AC51: 0 | AD51: 0 | AE51: 0 | AF51: 0 | AG51: 0 | AH51: 0 | AI51: 0 | AJ51: 0 | AK51: 0 | AL51: 0 | AM51: 0 | AN51: 0 | AO51: 0 | AP51: 0 | AQ51: 0 | AR51: 0 | AS51: 0 | AT51: 0 | AU51: 0 | AV51: 0 | AW51: 0
C52: Thiết kế front-end Quản lý giảng viên | E52: Viên | G52: 2 | H52: 2 | I52: 2 | J52: 2 | K52: 2 | L52: 2 | M52: 2 | N52: 2 | O52: 2 | P52: 2 | Q52: 2 | R52: 2 | S52: 2 | T52: 2 | U52: 2 | V52: 2 | W52: 2 | X52: 2 | Y52: 2 | Z52: 2 | AA52: 2 | AB52: 2 | AC52: 0 | AD52: 0 | AE52: 0 | AF52: 0 | AG52: 0 | AH52: 0 | AI52: 0 | AJ52: 0 | AK52: 0 | AL52: 0 | AM52: 0 | AN52: 0 | AO52: 0 | AP52: 0 | AQ52: 0 | AR52: 0 | AS52: 0 | AT52: 0 | AU52: 0 | AV52: 0 | AW52: 0
C53: Code back-end Quản lý giảng viên | E53: Viên | G53: 2 | H53: 3 | I53: 2 | J53: 2 | K53: 2 | L53: 2 | M53: 2 | N53: 2 | O53: 2 | P53: 2 | Q53: 2 | R53: 2 | S53: 2 | T53: 2 | U53: 2 | V53: 2 | W53: 2 | X53: 2 | Y53: 2 | Z53: 2 | AA53: 2 | AB53: 2 | AC53: 2 | AD53: 0 | AE53: 0 | AF53: 0 | AG53: 0 | AH53: 0 | AI53: 0 | AJ53: 0 | AK53: 0 | AL53: 0 | AM53: 0 | AN53: 0 | AO53: 0 | AP53: 0 | AQ53: 0 | AR53: 0 | AS53: 0 | AT53: 0 | AU53: 0 | AV53: 0 | AW53: 0
AD54: 1
C55: Thiết kế front-end Quản lý khóa học | E55: Vinh | G55: 3 | H55: 3 | I55: 3 | J55: 3 | K55: 3 | L55: 3 | M55: 3 | N55: 3 | O55: 3 | P55: 3 | Q55: 3 | R55: 3 | S55: 3 | T55: 3 | U55: 3 | V55: 3 | W55: 3 | X55: 3 | Y55: 3 | Z55: 3 | AA55: 3 | AB55: 3 | AC55: 3 | AD55: 3 | AE55: 0 | AF55: 0 | AG55: 0 | AH55: 0 | AI55: 0 | AJ55: 0 | AK55: 0 | AL55: 0 | AM55: 0 | AN55: 0 | AO55: 0 | AP55: 0 | AQ55: 0 | AR55: 0 | AS55: 0 | AT55: 0 | AU55: 0 | AV55: 0 | AW55: 0
C56: Code back-end Quản lý khóa học | E56: Vinh, Hoàng | G56: 3 | H56: 5 | I56: 3 | J56: 3 | K56: 3 | L56: 3 | M56: 3 | N56: 3 | O56: 3 | P56: 3 | Q56: 3 | R56: 3 | S56: 3 | T56: 3 | U56: 3 | V56: 3 | W56: 3 | X56: 3 | Y56: 3 | Z56: 3 | AA56: 3 | AB56: 3 | AC56: 3 | AD56: 3 | AE56: 3 | AF56: 3 | AG56: 0 | AH56: 0 | AI56: 0 | AJ56: 0 | AK56: 0 | AL56: 0 | AM56: 0 | AN56: 0 | AO56: 0 | AP56: 0 | AQ56: 0 | AR56: 0 | AS56: 0 | AT56: 0 | AU56: 0 | AV56: 0 | AW56: 0
R57: 0 | AG57: 1 | AH57: 0 | AI57: 0 | AJ57: 0 | AK57: 0 | AL57: 0 | AM57: 0 | AN57: 0 | AO57: 0 | AP57: 0 | AQ57: 0 | AR57: 0 | AS57: 0 | AT57: 0 | AU57: 0 | AV57: 0 | AW57: 0
C58: Thiết kế front-end Quản lí điểm | E58: Trình | G58: 4 | H58: 2 | I58: 4 | J58: 4 | K58: 4 | L58: 4 | M58: 4 | N58: 4 | O58: 4 | P58: 4 | Q58: 2 | R58: 2 | S58: 2 | T58: 2 | U58: 2 | V58: 2 | W58: 2 | X58: 2 | Y58: 2 | Z58: 2 | AA58: 2 | AB58: 2 | AC58: 2 | AD58: 2 | AE58: 2 | AF58: 2 | AG58: 2 | AH58: 0 | AI58: 0 | AJ58: 0 | AK58: 0 | AL58: 0 | AM58: 0 | AN58: 0 | AO58: 0 | AP58: 0 | AQ58: 0 | AR58: 0 | AS58: 0 | AT58: 0 | AU58: 0 | AV58: 0 | AW58: 0
C59: Code back-end Quản lí điểm | E59: Trình | G59: 2 | H59: 3 | I59: 2 | J59: 2 | K59: 2 | L59: 2 | M59: 2 | N59: 2 | O59: 2 | P59: 2 | Q59: 2 | R59: 2 | S59: 2 | T59: 2 | U59: 2 | V59: 2 | W59: 2 | X59: 2 | Y59: 2 | Z59: 2 | AA59: 2 | AB59: 2 | AC59: 2 | AD59: 2 | AE59: 2 | AF59: 2 | AG59: 2 | AH59: 2 | AI59: 1 | AJ59: 0 | AK59: 0 | AL59: 0 | AM59: 0 | AN59: 0 | AO59: 0 | AP59: 0 | AQ59: 0 | AR59: 0 | AS59: 0 | AT59: 0 | AU59: 0 | AV59: 0 | AW59: 0
C60: Thiết kế front-end Quản lý phân quyền | E60: Viên | G60: 2 | H60: 2 | I60: 2 | J60: 2 | K60: 2 | L60: 2 | M60: 2 | N60: 2 | O60: 2 | P60: 2 | Q60: 2 | R60: 2 | S60: 2 | T60: 2 | U60: 2 | V60: 2 | W60: 2 | X60: 2 | Y60: 2 | Z60: 2 | AA60: 2 | AB60: 2 | AC60: 2 | AD60: 2 | AE60: 2 | AF60: 2 | AG60: 2 | AH60: 2 | AI60: 2 | AJ60: 2 | AK60: 0 | AL60: 0 | AM60: 0 | AN60: 0 | AO60: 0 | AP60: 0 | AQ60: 0 | AR60: 0 | AS60: 0 | AT60: 0 | AU60: 0 | AV60: 0 | AW60: 0
C61: Code back-end Quản lý phân quyền | E61: Viên | G61: 2 | H61: 3 | I61: 2 | J61: 2 | K61: 2 | L61: 2 | M61: 2 | N61: 2 | O61: 2 | P61: 2 | Q61: 2 | R61: 2 | S61: 2 | T61: 2 | U61: 2 | V61: 2 | W61: 2 | X61: 2 | Y61: 2 | Z61: 2 | AA61: 2 | AB61: 2 | AC61: 2 | AD61: 2 | AE61: 2 | AF61: 2 | AG61: 2 | AH61: 2 | AI61: 2 | AJ61: 2 | AK61: 2 | AL61: 1 | AM61: 0 | AN61: 0 | AO61: 0 | AP61: 0 | AQ61: 0 | AR61: 0 | AS61: 0 | AT61: 0 | AU61: 0 | AV61: 0 | AW61: 0
C62: Integrate code | E62: All teams | G62: 10 | H62: 10 | I62: 10 | J62: 10 | K62: 10 | L62: 10 | M62: 10 | N62: 10 | O62: 10 | P62: 10 | Q62: 10 | R62: 10 | S62: 10 | T62: 10 | U62: 10 | V62: 10 | W62: 10 | X62: 10 | Y62: 10 | Z62: 10 | AA62: 10 | AB62: 10 | AC62: 10 | AD62: 10 | AE62: 10 | AF62: 10 | AG62: 10 | AH62: 10 | AI62: 10 | AJ62: 10 | AK62: 10 | AL62: 10 | AM62: 10 | AN62: 0 | AO62: 0 | AP62: 0 | AQ62: 0 | AR62: 0 | AS62: 0 | AT62: 0 | AU62: 0 | AV62: 0 | AW62: 0
B63: Testing | C63: Kiểm tra Xem lớp học | E63: Viên | G63: 1 | H63: 2 | I63: 1 | J63: 1 | K63: 1 | L63: 1 | M63: 1 | N63: 1 | O63: 1 | P63: 1 | Q63: 1 | R63: 1 | S63: 1 | T63: 1 | U63: 1 | V63: 1 | W63: 1 | X63: 1 | Y63: 1 | Z63: 1 | AA63: 1 | AB63: 1 | AC63: 1 | AD63: 1 | AE63: 1 | AF63: 1 | AG63: 1 | AH63: 1 | AI63: 1 | AJ63: 1 | AK63: 1 | AL63: 1 | AM63: 1 | AN63: 1 | AO63: 0 | AP63: 0 | AQ63: 0 | AR63: 0 | AS63: 0 | AT63: 0 | AU63: 0 | AV63: 0 | AW63: 0
AO64: 1
C65: Kiểm tra Quản lí sự kiện | E65: Viên | G65: 1 | H65: 2 | I65: 1 | J65: 1 | K65: 1 | L65: 1 | M65: 1 | N65: 1 | O65: 1 | P65: 1 | Q65: 1 | R65: 1 | S65: 1 | T65: 1 | U65: 1 | V65: 1 | W65: 1 | X65: 1 | Y65: 1 | Z65: 1 | AA65: 1 | AB65: 1 | AC65: 1 | AD65: 1 | AE65: 1 | AF65: 1 | AG65: 1 | AH65: 1 | AI65: 1 | AJ65: 1 | AK65: 1 | AL65: 1 | AM65: 1 | AN65: 1 | AO65: 0 | AP65: 0 | AQ65: 0 | AR65: 0 | AS65: 0 | AT65: 0 | AU65: 0 | AV65: 0 | AW65: 0
AO66: 1
C67: Kiểm tra Quản lý khóa học | E67: Viên | G67: 1 | H67: 1 | I67: 1 | J67: 1 | K67: 1 | L67: 1 | M67: 1 | N67: 1 | O67: 1 | P67: 1 | Q67: 1 | R67: 1 | S67: 1 | T67: 1 | U67: 1 | V67: 1 | W67: 1 | X67: 1 | Y67: 1 | Z67: 1 | AA67: 1 | AB67: 1 | AC67: 1 | AD67: 1 | AE67: 1 | AF67: 1 | AG67: 1 | AH67: 1 | AI67: 1 | AJ67: 1 | AK67: 1 | AL67: 1 | AM67: 1 | AN67: 1 | AO67: 1 | AP67: 0 | AQ67: 0 | AR67: 0 | AS67: 0 | AT67: 0 | AU67: 0 | AV67: 0 | AW67: 0
C68: Kiểm tra Quản lý giảng viên | E68: Viên | G68: 1 | H68: 1 | I68: 1 | J68: 1 | K68: 1 | L68: 1 | M68: 1 | N68: 1 | O68: 1 | P68: 1 | Q68: 1 | R68: 1 | S68: 1 | T68: 1 | U68: 1 | V68: 1 | W68: 1 | X68: 1 | Y68: 1 | Z68: 1 | AA68: 1 | AB68: 1 | AC68: 1 | AD68: 1 | AE68: 1 | AF68: 1 | AG68: 1 | AH68: 1 | AI68: 1 | AJ68: 1 | AK68: 1 | AL68: 1 | AM68: 1 | AN68: 1 | AO68: 1 | AP68: 1 | AQ68: 0 | AR68: 0 | AS68: 0 | AT68: 0 | AU68: 0 | AV68: 0 | AW68: 0
C69: Kiểm tra Quản lý báo cáo và thống kê | E69: Viên | G69: 1 | H69: 2 | I69: 1 | J69: 1 | K69: 1 | L69: 1 | M69: 1 | N69: 1 | O69: 1 | P69: 1 | Q69: 1 | R69: 1 | S69: 1 | T69: 1 | U69: 1 | V69: 1 | W69: 1 | X69: 1 | Y69: 1 | Z69: 1 | AA69: 1 | AB69: 1 | AC69: 1 | AD69: 1 | AE69: 1 | AF69: 1 | AG69: 1 | AH69: 1 | AI69: 1 | AJ69: 1 | AK69: 1 | AL69: 1 | AM69: 1 | AN69: 1 | AO69: 1 | AP69: 1 | AQ69: 1 | AR69: 0 | AS69: 0 | AT69: 0 | AU69: 0 | AV69: 0 | AW69: 0
AR70: 1
C71: Kiểm tra Quản lí điểm | E71: Trình | G71: 2 | H71: 2 | I71: 2 | J71: 2 | K71: 2 | L71: 2 | M71: 2 | N71: 2 | O71: 2 | P71: 2 | Q71: 2 | R71: 2 | S71: 2 | T71: 2 | U71: 2 | V71: 2 | W71: 2 | X71: 2 | Y71: 2 | Z71: 2 | AA71: 2 | AB71: 2 | AC71: 2 | AD71: 2 | AE71: 2 | AF71: 2 | AG71: 2 | AH71: 2 | AI71: 2 | AJ71: 2 | AK71: 2 | AL71: 2 | AM71: 2 | AN71: 2 | AO71: 2 | AP71: 2 | AQ71: 2 | AR71: 2 | AS71: 0 | AT71: 0 | AU71: 0 | AV71: 0 | AW71: 0
C72: Kiểm tra Quản lý phân quyền | E72: Trình | G72: 2 | H72: 2 | I72: 2 | J72: 2 | K72: 2 | L72: 2 | M72: 2 | N72: 2 | O72: 2 | P72: 2 | Q72: 2 | R72: 2 | S72: 2 | T72: 2 | U72: 2 | V72: 2 | W72: 2 | X72: 2 | Y72: 2 | Z72: 2 | AA72: 2 | AB72: 2 | AC72: 2 | AD72: 2 | AE72: 2 | AF72: 2 | AG72: 2 | AH72: 2 | AI72: 2 | AJ72: 2 | AK72: 2 | AL72: 2 | AM72: 2 | AN72: 2 | AO72: 2 | AP72: 2 | AQ72: 2 | AR72: 2 | AS72: 0 | AT72: 0 | AU72: 0 | AV72: 0 | AW72: 0
B73: Fix Bug | C73: Sửa lỗi Xem lớp học | E73: Vinh, Hoàng | G73: 2 | H73: 2 | I73: 2 | J73: 2 | K73: 2 | L73: 2 | M73: 2 | N73: 2 | O73: 2 | P73: 2 | Q73: 2 | R73: 2 | S73: 2 | T73: 2 | U73: 2 | V73: 2 | W73: 2 | X73: 2 | Y73: 2 | Z73: 2 | AA73: 2 | AB73: 2 | AC73: 2 | AD73: 2 | AE73: 2 | AF73: 2 | AG73: 2 | AH73: 2 | AI73: 2 | AJ73: 2 | AK73: 2 | AL73: 2 | AM73: 2 | AN73: 2 | AO73: 2 | AP73: 2 | AQ73: 2 | AR73: 2 | AS73: 2 | AT73: 0 | AU73: 0 | AV73: 0 | AW73: 0
C74: Sửa lỗi Quản lí sự kiện | E74: Vinh, Hoàng | G74: 2 | H74: 2 | I74: 2 | J74: 2 | K74: 2 | L74: 2 | M74: 2 | N74: 2 | O74: 2 | P74: 2 | Q74: 2 | R74: 2 | S74: 2 | T74: 2 | U74: 2 | V74: 2 | W74: 2 | X74: 2 | Y74: 2 | Z74: 2 | AA74: 2 | AB74: 2 | AC74: 2 | AD74: 2 | AE74: 2 | AF74: 2 | AG74: 2 | AH74: 2 | AI74: 2 | AJ74: 2 | AK74: 2 | AL74: 2 | AM74: 2 | AN74: 2 | AO74: 2 | AP74: 2 | AQ74: 2 | AR74: 2 | AS74: 2 | AT74: 0 | AU74: 0 | AV74: 0 | AW74: 0
C75: Sửa lỗi Quản lý khóa học | E75: Trình, Hoàng | G75: 1 | H75: 1 | I75: 2 | J75: 2 | K75: 2 | L75: 2 | M75: 2 | N75: 2 | O75: 2 | P75: 2 | Q75: 2 | R75: 2 | S75: 2 | T75: 2 | U75: 2 | V75: 2 | W75: 2 | X75: 2 | Y75: 2 | Z75: 2 | AA75: 2 | AB75: 2 | AC75: 2 | AD75: 2 | AE75: 2 | AF75: 2 | AG75: 2 | AH75: 2 | AI75: 2 | AJ75: 2 | AK75: 2 | AL75: 2 | AM75: 2 | AN75: 2 | AO75: 2 | AP75: 2 | AQ75: 2 | AR75: 2 | AS75: 2 | AT75: 0 | AU75: 0 | AV75: 0 | AW75: 0
C76: Sửa lỗi Quản lý giảng viên | E76: Trình, Hoàng | G76: 1 | H76: 1 | I76: 1 | J76: 1 | K76: 1 | L76: 1 | M76: 1 | N76: 1 | O76: 1 | P76: 1 | Q76: 1 | R76: 1 | S76: 1 | T76: 1 | U76: 1 | V76: 1 | W76: 1 | X76: 1 | Y76: 1 | Z76: 1 | AA76: 1 | AB76: 1 | AC76: 1 | AD76: 1 | AE76: 1 | AF76: 1 | AG76: 1 | AH76: 1 | AI76: 1 | AJ76: 1 | AK76: 1 | AL76: 1 | AM76: 1 | AN76: 1 | AO76: 1 | AP76: 1 | AQ76: 1 | AR76: 1 | AS76: 1 | AT76: 0 | AU76: 0 | AV76: 0 | AW76: 0
C77: Sửa lỗi Quản lý báo cáo và thống kê | E77: Trình, Hoàng | G77: 2 | H77: 2 | I77: 2 | J77: 2 | K77: 2 | L77: 2 | M77: 2 | N77: 2 | O77: 2 | P77: 2 | Q77: 2 | R77: 2 | S77: 2 | T77: 2 | U77: 2 | V77: 2 | W77: 2 | X77: 2 | Y77: 2 | Z77: 2 | AA77: 2 | AB77: 2 | AC77: 2 | AD77: 2 | AE77: 2 | AF77: 2 | AG77: 2 | AH77: 2 | AI77: 2 | AJ77: 2 | AK77: 2 | AL77: 2 | AM77: 2 | AN77: 2 | AO77: 2 | AP77: 2 | AQ77: 2 | AR77: 2 | AS77: 2 | AT77: 2 | AU77: 0 | AV77: 0 | AW77: 0
C78: Sửa lỗi Quản lí điểm | E78: Trình, Hoàng | G78: 2 | H78: 2 | I78: 2 | J78: 2 | K78: 2 | L78: 2 | M78: 2 | N78: 2 | O78: 2 | P78: 2 | Q78: 2 | R78: 2 | S78: 2 | T78: 2 | U78: 2 | V78: 2 | W78: 2 | X78: 2 | Y78: 2 | Z78: 2 | AA78: 2 | AB78: 2 | AC78: 2 | AD78: 2 | AE78: 2 | AF78: 2 | AG78: 2 | AH78: 2 | AI78: 2 | AJ78: 2 | AK78: 2 | AL78: 2 | AM78: 2 | AN78: 2 | AO78: 2 | AP78: 2 | AQ78: 2 | AR78: 2 | AS78: 2 | AT78: 2 | AU78: 0 | AV78: 0 | AW78: 0
C79: Sửa lỗi Quản lý phân quyền | E79: Trình, Hoàng | G79: 2 | H79: 2 | I79: 2 | J79: 2 | K79: 2 | L79: 2 | M79: 2 | N79: 2 | O79: 2 | P79: 2 | Q79: 2 | R79: 2 | S79: 2 | T79: 2 | U79: 2 | V79: 2 | W79: 2 | X79: 2 | Y79: 2 | Z79: 2 | AA79: 2 | AB79: 2 | AC79: 2 | AD79: 2 | AE79: 2 | AF79: 2 | AG79: 2 | AH79: 2 | AI79: 2 | AJ79: 2 | AK79: 2 | AL79: 2 | AM79: 2 | AN79: 2 | AO79: 2 | AP79: 2 | AQ79: 2 | AR79: 2 | AS79: 2 | AT79: 2 | AU79: 0 | AV79: 0 | AW79: 0
Z80: 0 | AA80: 0 | AB80: 0 | AC80: 0 | AD80: 0 | AE80: 0 | AF80: 0 | AG80: 0 | AH80: 0 | AI80: 0 | AJ80: 0 | AK80: 0 | AL80: 0 | AM80: 0 | AN80: 0 | AO80: 0 | AP80: 0 | AQ80: 0 | AR80: 0 | AS80: 0 | AT80: 0 | AU80: 0 | AV80: 0 | AW80: 0
B81: Release Sprint 2 | C81: Sprint 2 review meeting | E81: All team | G81: 5 | H81: 5 | I81: 5 | J81: 5 | K81: 5 | L81: 5 | M81: 5 | N81: 5 | O81: 5 | P81: 5 | Q81: 5 | R81: 5 | S81: 5 | T81: 5 | U81: 5 | V81: 5 | W81: 5 | X81: 5 | Y81: 5 | Z81: 5 | AA81: 5 | AB81: 5 | AC81: 5 | AD81: 5 | AE81: 5 | AF81: 5 | AG81: 5 | AH81: 5 | AI81: 5 | AJ81: 5 | AK81: 5 | AL81: 5 | AM81: 5 | AN81: 5 | AO81: 5 | AP81: 5 | AQ81: 5 | AR81: 5 | AS81: 5 | AT81: 5 | AU81: 5 | AV81: 5 | AW81: 0
C82: Sprint 2 retrospective | E82: All team | G82: 5 | H82: 5 | I82: 5 | J82: 5 | K82: 5 | L82: 5 | M82: 5 | N82: 5 | O82: 5 | P82: 5 | Q82: 5 | R82: 5 | S82: 5 | T82: 5 | U82: 5 | V82: 5 | W82: 5 | X82: 5 | Y82: 5 | Z82: 5 | AA82: 5 | AB82: 5 | AC82: 5 | AD82: 5 | AE82: 5 | AF82: 5 | AG82: 5 | AH82: 5 | AI82: 5 | AJ82: 5 | AK82: 5 | AL82: 5 | AM82: 5 | AN82: 5 | AO82: 5 | AP82: 5 | AQ82: 5 | AR82: 5 | AS82: 5 | AT82: 5 | AU82: 5 | AV82: 5 | AW82: 0
B83: Tổng | E83: Thực tế | G83: =SUM(G15:G82) -> 124 | I83: =SUM(I15:I82) -> 108 | J83: =SUM(J15:J82) -> 108 | K83: =SUM(K15:K82)-K17 -> 102 | L83: =SUM(L15:L82) -> 100 | M83: =SUM(M15:M82) -> 98 | N83: =SUM(N15:N82)-N43 -> 89 | O83: =SUM(O15:O82) -> 88 | P83: =SUM(P15:P82) -> 84 | Q83: =SUM(Q15:Q82) -> 82 | R83: =SUM(R15:R82)-R27 -> 77 | S83: =SUM(S15:S82)-S35-S33-S31-S29 -> 72 | T83: =SUM(T15:T82)-T41-T39-T37 -> 69 | U83: =SUM(U15:U82) -> 69 | V83: =SUM(V15:V82)-V45 -> 68 | W83: =SUM(W15:W82) -> 67 | X83: =SUM(X15:X82) -> 66 | Y83: =SUM(Y15:Y82) -> 64 | Z83: =SUM(Z15:Z82) -> 62 | AA83: =SUM(AA15:AA82) -> 60 | AB83: =SUM(AB15:AB82) -> 60 | AC83: =SUM(AC15:AC82) -> 58 | AD83: =SUM(AD15:AD82)-AD54 -> 56 | AE83: =SUM(AE15:AE82) -> 53 | AF83: =SUM(AF15:AF82) -> 53 | AG83: =SUM(AG15:AG82)+AG57 -> 52 | AH83: =SUM(AH15:AH82) -> 48 | AI83: =SUM(AI15:AI82) -> 47 | AJ83: =SUM(AJ15:AJ82) -> 46 | AK83: =SUM(AK15:AK82) -> 44 | AL83: =SUM(AL15:AL82) -> 43 | AM83: =SUM(AM15:AM82) -> 42 | AN83: =SUM(AN15:AN82) -> 32 | AO83: =SUM(AO15:AO82)-AO66-AO64 -> 30 | AP83: =SUM(AP15:AP82) -> 29 | AQ83: =SUM(AQ15:AQ82) -> 28 | AR83: =SUM(AR15:AR82)-AR70 -> 27 | AS83: =SUM(AS15:AS82) -> 23 | AT83: =SUM(AT15:AT82) -> 16 | AU83: =SUM(AU15:AU82) -> 10 | AV83: =SUM(AV15:AV82) -> 10 | AW83: =SUM(AW15:AW82) -> 0
E84: Ước tính | G84: =SUM(H15:H82) -> 147 | I84: =SUM(I15:I82) -> 108 | J84: =SUM(J15:J82) -> 108 | K84: =SUM(K15:K82) -> 104 | L84: =SUM(L15:L82) -> 100 | M84: =SUM(M15:M82) -> 98 | N84: =SUM(N15:N82) -> 92 | O84: =SUM(O15:O82) -> 88 | P84: =SUM(P15:P82) -> 84 | ... AW84: =SUM(AW15:AW82) -> 0

Sheet Total
A1: SPRINT BACKLOG REPORT
B2: Viên | D2: Trình | F2: Hoàng | H2: Vinh
B3: Thực tế | C3: Ước tính | D3: Thực tế | E3: Ước tính | F3: Thực tế | G3: Ước tính | H3: Thực tế | I3: Ước tính
A4: Sprint 1 | B4: ='Sprint 1'!D8 -> 49.5 | C4: ='Sprint 1'!$E$8 -> 48 | D4: ='Sprint 1'!$D$9 -> 35.5 | E4: ='Sprint 1'!$E$9 -> 37 | F4: ='Sprint 1'!D11 -> 33.5 | G4: ='Sprint 1'!E11 -> 34 | H4: ='Sprint 1'!$D$10 -> 31.5 | I4: ='Sprint 1'!$E$10 -> 30
A5: Sprint 2 | B5: ='Sprint 2'!$D$8 -> 27.25 | C5: ='Sprint 2'!$E$8 -> 39.5 | D5: ='Sprint 2'!$D$9 -> 25.25 | E5: ='Sprint 2'!$E$9 -> 31.5 | F5: ='Sprint 2'!D11 -> 29.75 | G5: ='Sprint 2'!E11 -> 33 | H5: ='Sprint 2'!$D$10 -> 19.25 | I5: ='Sprint 2'!$E$10 -> 21.5
A6: Tổng | B6: =SUM(B4:B5) -> 76.75 | C6: =SUM(C4:C5) -> 87.5 | D6: =SUM(D4:D5) -> 60.75 | E6: =SUM(E4:E5) -> 68.5 | F6: =SUM(F4:F5) -> 63.25 | G6: =SUM(G4:G5) -> 67 | H6: =SUM(H4:H5) -> 50.75 | I6: =SUM(I4:I5) -> 51.5
E9: FINAL TOTAL
E10: Thực tế | F10: =SUMIF($B$3:$I$3,"Thực tế",$B$6:$I$6) -> 251.5
E11: Ước tính | F11: =SUMIF($B$3:$I$3,"Ước tính",$B$6:$I$6) -> 274.5
