Workbook

Sheet Trường hợp kiểm thử
A1: TEST CASE SYSTEM SPRINT 1
A3: Tên dự án | B3: AgoraLearn+ Nền tảng học trực tuyến với AI Attendance, phân tích tương tác học tập và gợi ý cải thiện
A4: STT | B4: Chức năng | C4: Số lượng test | D4: Mô tả
A5: 1 | B5: Đăng nhập | C5: ='Đăng nhập'!$F$4 -> 19 | D5: Viên
A6: 2 | B6: Đăng kí | C6: ='Đăng kí'!F4 -> 15 | D6: Vinh
A7: 3 | B7: Quản lý hồ sơ cá nhân | C7: ='Quản lí hồ sơ cá nhân'!F4 -> 17 | D7: Viên
A8: 4 | B8: Quản lí điểm danh | C8: ='Điểm danh'!F4 -> 6 | D8: Hoàng
A9: 5 | B9: Quản lý lớp học | C9: ='Quản lí lớp học '!F4 -> 9 | D9: Trình
A10: 6 | B10: Quản lý sinh viên | C10: ='Quản lý sinh viên'!F4 -> 13 | D10: Vinh
A11: 7 | B11: Quản lí bài tập và kết quả | C11: ='Quản lí bài tập và kết quả'!F4 -> 22 | D11: Viên
C12: =SUM(C5,C11) -> 41

Sheet Đăng nhập
A1: Project Name | B1: AgoraLearn+ Nền tảng học trực tuyến với AI Attendance, phân tích tương tác học tập và gợi ý cải thiện
A2: Module Code | B2: Đăng nhập
B3: Hoàn thành | C3: Lỗi | D3: Chưa kiểm tra | E3: Bị chăn | F3: Tổng số trường hợp thử nghiệm
A4: Round 1 | B4: =COUNTIF(G1:G50,"Passed") -> 19 | C4: =COUNTIF(G1:G50,"Error") -> 0 | D4: =COUNTIF(G1:G50,"Untested") -> 0 | E4: =COUNTIF(G10:G23,"Blocked") -> 0 | F4: =SUM(B4,C4,D4) -> 19
A6: Test Case ID | B6: Mô tả | C6: Hành động | D6: Điều kiện tiên quyết | E6: Kết quả mong đợi | F6: Kết quả thực tế | G6: Kết quả | J6: Chú thích
G7: Vòng 1
G8: Trạng thái | H8: Ngày kiểm tra | I8: Người kiểm tra
A9: GUI_SHOW Trang đăng nhập
A10: GUI-DN01 | B10: Kiểm tra logo | D10: Truy cập vào hệ thống | E10: Logo AgoraLearn hiển thị ở trung tâm phía trên | F10: Logo AgoraLearn hiển thị ở trung tâm phía trên | G10: Passed | H10: 24/10/2025 | I10: Viên
A11: GUI-DN02 | B11: Kiểm tra tiêu đề | D11: Truy cập vào hệ thống | E11: Text “Đăng nhập AgoraLearn” hiển thị, rõ ràng, chính xác | F11: Text “Đăng nhập AgoraLearn” hiển thị, rõ ràng, chính xác | G11: Passed | H11: 24/10/2025 | I11: Viên
A12: GUI-DN03 | B12: Kiểm tra mô tả | D12: Truy cập vào hệ thống | E12: Text “Hệ thống quản lý học tập thông minh” hiển thị bên dưới tiêu đề | F12: Text “Hệ thống quản lý học tập thông minh” hiển thị bên dưới tiêu đề | G12: Passed | H12: 24/10/2025 | I12: Viên
A13: GUI-DN04 | B13: Kiểm tra tab Sinh viên / Giảng viên | D13: Truy cập vào hệ thống | E13: Hai tab hiển thị, tab Sinh viên được chọn mặc định, tab Giảng viên chưa chọn | F13: Hai tab hiển thị, tab Sinh viên được chọn mặc định, tab Giảng viên chưa chọn | G13: Passed | H13: 24/10/2025 | I13: Viên
A14: GUI-DN05 | B14: Kiểm tra ô Email | D14: Truy cập vào hệ thống | E14: Có placeholder “Email”, ô nhập dữ liệu hoạt động, nhập text hiển thị bình thường | F14: Có placeholder “Email”, ô nhập dữ liệu hoạt động, nhập text hiển thị bình thường | G14: Passed | H14: 24/10/2025 | I14: Viên
A15: GUI-DN06 | B15: Kiểm tra ô Mật khẩu | D15: Truy cập vào hệ thống | E15: Có placeholder “Mật khẩu”, nhập mật khẩu hiển thị dấu * | F15: Có placeholder “Mật khẩu”, nhập mật khẩu hiển thị dấu * | G15: Passed | H15: 24/10/2025 | I15: Viên
A16: GUI-DN07 | B16: Kiểm tra nút đăng nhập | D16: Truy cập vào hệ thống | E16: Nút màu cam, chữ “Đăng nhập” hiển thị rõ, có thể click được | F16: Nút màu cam, chữ “Đăng nhập” hiển thị rõ, có thể click được | G16: Passed | H16: 24/10/2025 | I16: Viên
A17: GUI-DN08 | B17: Kiểm tra responsive | D17: Thay đổi kích thước màn hình | E17: Form vẫn nằm giữa màn hình, không bị tràn nội dung | F17: Form vẫn nằm giữa màn hình, không bị tràn nội dung | G17: Passed | H17: 24/10/2025 | I17: Viên
A18: GUI-DN09 | B18: Kiểm tra hiển thị lỗi | D18: Nhập sai Email hoặc mật khẩu, nhấn đăng nhập | E18: Thông báo lỗi hiển thị, dễ đọc | F18: Thông báo lỗi hiển thị, dễ đọc | G18: Passed | H18: 24/10/2025 | I18: Viên
A19: FUNCTION_SHOW Trang đăng nhập
A20: FUNC-DN01 | B20: Đăng nhập thành công vào trang SV | C20: 1.Mở trang, nhập email, mật khẩu, chọn Button “Sinh viên” 2.Nhấn Đăng nhập | D20: Truy cập vào hệ thống | E20: Đi đến trang tổng quan | F20: Đi đến trang tổng quan | G20: Passed | H20: 24/10/2025 | I20: Viên
A21: FUNC-DN02 | B21: Đăng nhập SV thất bại khi điền sai Email hoặc Mật khẩu | C21: 1.Mở trang, nhập sai email, mật khẩu, chọn Button “Sinh viên”. 2.Nhấn "Đăng nhập". | D21: Truy cập vào hệ thống | E21: Hệ thống thông báo lỗi : "Thông tin đăng nhập không chính xác." | F21: Hệ thống thông báo lỗi : "Thông tin đăng nhập không chính xác." | G21: Passed | H21: 24/10/2025 | I21: Viên
A22: FUNC-DN03 | B22: Đăng nhập SV, để trống trường "Mật khẩu". | C22: 1 .Nhập email 2. Không nhập dữ liệu trường "Mật khẩu". 3. Click "Đăng nhập". | D22: Truy cập vào hệ thống | E22: Thông báo lỗi ở textBox Email : "Please fill in this field" | F22: Thông báo lỗi ở textBox Email : "Please fill in this field" | G22: Passed | H22: 24/10/2025 | I22: Viên
A23: FUNC-DN04 | B23: Đăng nhập SV, để trống trường "Email" | C23: 1. Để trông trường Email | D23: Truy cập vào hệ thống | E23: Thông báo lỗi ở textBox Password : "Please fill in this field" | F23: Thông báo lỗi ở textBox Password : "Please fill in this field" | G23: Passed | H23: 24/10/2025 | I23: Viên
A24: FUNC-DN05 | B24: Đăng nhập SV, để trống tất cả các trường dữ liêu | C24: 1 .Không nhập email 2. Không nhập dữ liệu trường "Mật khẩu". 3. Click "Đăng nhập". | D24: Truy cập vào hệ thống | E24: Thông báo lỗi ở textBox Email : "Please fill in this field" | F24: Thông báo lỗi ở textBox Email : "Please fill in this field" | G24: Passed | H24: 24/10/2025 | I24: Viên
A25: FUNC-DN06 | B25: Đăng nhập thành công vào trang GV | C25: 1.Mở trang, nhập email, mật khẩu, chọn Button “Giảng viên” 2.Nhấn Đăng nhập | D25: Truy cập vào hệ thống | E25: Đi đến trang tổng quan | F25: Đi đến trang tổng quan | G25: Passed | H25: 24/10/2025 | I25: Viên
A26: FUNC-DN07 | B26: Đăng nhập GV, thất bại khi điền sai Email hoặc Mật khẩu | C26: 1.Mở trang, nhập sai email, mật khẩu, chọn Button “Giảng viên”. 2.Nhấn "Đăng nhập". | D26: Truy cập vào hệ thống | E26: Hệ thống thông báo lỗi : "Thông tin đăng nhập không chính xác." | F26: Hệ thống thông báo lỗi : "Thông tin đăng nhập không chính xác." | G26: Passed | H26: 24/10/2025 | I26: Viên
A27: FUNC-DN08 | B27: Đăng nhập GV, để trống trường "Mật khẩu". | C27: 1 .Nhập email 2. Không nhập dữ liệu trường "Mật khẩu". 3. Click "Đăng nhập". | D27: Truy cập vào hệ thống | E27: Thông báo lỗi ở textBox Email : "Please fill in this field" | F27: Thông báo lỗi ở textBox Email : "Please fill in this field" | G27: Passed | H27: 24/10/2025 | I27: Viên
A28: FUNC-DN09' | B28: Đăng nhập SV, để trống trường "Email" | C28: 1. Để trông trường Email | D28: Truy cập vào hệ thống | E28: Thông báo lỗi ở textBox Password : "Please fill in this field" | F28: Thông báo lỗi ở textBox Password : "Please fill in this field" | G28: Passed | H28: 24/10/2025 | I28: Viên
A29: FUNC-DN10 | B29: Đăng nhập GV, để trống tất cả các trường dữ liêu | C29: 1 .Không nhập email 2. Không nhập dữ liệu trường "Mật khẩu". 3. Click "Đăng nhập". | D29: Truy cập vào hệ thống | E29: Thông báo lỗi ở textBox Email : "Please fill in this field" | F29: Thông báo lỗi ở textBox Email : "Please fill in this field" | G29: Passed | H29: 24/10/2025 | I29: Viên

Sheet Đăng kí
A1: Project Name | B1: AgoraLearn+ Nền tảng học trực tuyến với AI Attendance, phân tích tương tác học tập và gợi ý cải thiện
A2: Module Code | B2: Đăng kí
B3: Hoàn thành | C3: Lỗi | D3: Chưa kiểm tra | E3: Bị chăn | F3: Tổng số trường hợp thử nghiệm
A4: Round 1 | B4: =COUNTIF(G1:G50,"Passed") -> 15 | C4: =COUNTIF(G1:G50,"Error") -> 0 | D4: =COUNTIF(G1:G50,"Untested") -> 0 | E4: =COUNTIF(G10:G23,"Blocked") -> 0 | F4: =SUM(B4,C4,D4) -> 15
A6: Test Case ID | B6: Mô tả | C6: Hành động | D6: Điều kiện tiên quyết | E6: Kết quả mong đợi | F6: Kết quả thực tế | G6: Kết quả | J6: Chú thích
G7: Vòng 1
G8: Trạng thái | H8: Ngày kiểm tra | I8: Người kiểm tra
A9: GUI_SHOW Trang đăng nhập
A10: GUI-DK01 | B10: Kiểm tra logo | D10: Truy cập vào hệ thống | E10: Logo AgoraLearn hiển thị ở trung tâm phía trên | F10: Logo AgoraLearn hiển thị ở trung tâm phía trên | G10: Passed | H10: 24/10/2025 | I10: Vinh
A11: GUI-DK02 | B11: Kiểm tra tiêu đề | D11: Truy cập vào hệ thống | E11: Text “đăng kí AgoraLearn” hiển thị, rõ ràng, chính xác | F11: Text “đăng kí AgoraLearn” hiển thị, rõ ràng, chính xác | G11: Passed | H11: 24/10/2025 | I11: Vinh
A12: GUI-DK03 | B12: Kiểm tra mô tả | D12: Truy cập vào hệ thống | E12: Text “Hệ thống quản lý học tập thông minh” hiển thị bên dưới tiêu đề | F12: Text “Hệ thống quản lý học tập thông minh” hiển thị bên dưới tiêu đề | G12: Passed | H12: 24/10/2025 | I12: Vinh
A13: GUI-DK04 | B13: Kiểm tra ô Email | D13: Truy cập vào hệ thống | E13: Có placeholder “Email”, ô nhập dữ liệu hoạt động, nhập text hiển thị bình thường | F13: Có placeholder “Email”, ô nhập dữ liệu hoạt động, nhập text hiển thị bình thường | G13: Passed | H13: 24/10/2025 | I13: Vinh
A14: GUI-DK05 | B14: Kiểm tra ô Mật khẩu | D14: Truy cập vào hệ thống | E14: Có placeholder “Mật khẩu”, nhập mật khẩu hiển thị dấu * | F14: Có placeholder “Mật khẩu”, nhập mật khẩu hiển thị dấu * | G14: Passed | H14: 24/10/2025 | I14: Vinh
A15: GUI-DK06 | B15: Kiểm tra ô Xác nhận mật khẩu | D15: Truy cập vào hệ thống | E15: Có placeholder “Nhập lại mật khẩu”, nhập mật khẩu hiển thị dấu * | F15: Có placeholder “ Nhập lại mật khẩu”, nhập mật khẩu hiển thị dấu * | G15: Passed | H15: 24/10/2025 | I15: Vinh
A16: GUI-DK07 | B16: Kiểm tra nút đăng kí | D16: Truy cập vào hệ thống | E16: Nút màu cam, chữ “Đăng nhập” hiển thị rõ, có thể click được | F16: Nút màu cam, chữ “Đăng nhập” hiển thị rõ, có thể click được | G16: Passed | H16: 24/10/2025 | I16: Vinh
A17: GUI-DK08 | B17: Kiểm tra responsive | D17: Thay đổi kích thước màn hình | E17: Form vẫn nằm giữa màn hình, không bị tràn nội dung | F17: Form vẫn nằm giữa màn hình, không bị tràn nội dung | G17: Passed | H17: 24/10/2025 | I17: Vinh
A18: GUI-DK09 | B18: Kiểm tra hiển thị lỗi | D18: Nhập sai mật khẩu xác nhận | E18: Thông báo lỗi hiển thị, dễ đọc | F18: Thông báo lỗi hiển thị, dễ đọc | G18: Passed | H18: 24/10/2025 | I18: Vinh
A19: FUNCTION_SHOW Trang đăng kí
A20: FUNC-DK01 | B20: Để trống trường "Email" | C20: 1. Để trông trường Email | D20: Truy cập vào hệ thống | E20: Thông báo lỗi ở textBox Password : "Please fill in this field" | F20: Thông báo lỗi ở textBox Password : "Please fill in this field" | G20: Passed | H20: 24/10/2025 | I20: Vinh
A21: FUNC-DK02 | B21: Để trống trường "Mật khẩu". | C21: 1 .Nhập email 2. Không nhập dữ liệu trường "Mật khẩu". 3. Click "Đăng nhập". | D21: Truy cập vào hệ thống | E21: Thông báo lỗi ở textBox Email : "Please fill in this field" | F21: Thông báo lỗi ở textBox Email : "Please fill in this field" | G21: Passed | H21: 24/10/2025 | I21: Vinh
A22: FUNC-DK03 | B22: Để trống trường "Xác nhận mật khẩu". | C22: 1 .Nhập email 2. Không nhập dữ liệu trường " Xác nhận mật khẩu". 3. Click "Đăng nhập". | D22: Truy cập vào hệ thống | E22: Thông báo lỗi ở textBox Xác nhận mật khẩu: "Please fill in this field" | F22: Thông báo lỗi ở textBox Email : "Please fill in this field" | G22: Passed | H22: 24/10/2025 | I22: Vinh
A23: FUNC-DK04 | B23: Để trống tất cả các trường dữ liêu | C23: 1 .Không nhập dữ liệu nào 2. Click "Đăng nhập". | D23: Truy cập vào hệ thống | E23: Thông báo lỗi ở textBox Email : "Please fill in this field" | F23: Thông báo lỗi ở textBox Email : "Please fill in this field" | G23: Passed | H23: 24/10/2025 | I23: Vinh
A24: FUNC-DK05 | B24: Đăng kí thành công | D24: Truy cập vào hệ thống | E24: Đi đến trang đăng nhập | F24: Đi đến trang đăng nhập | G24: Passed | H24: 24/10/2025 | I24: Vinh
A25: FUNC-DK06 | B25: Đăng kí thất bại khi điền sai Mật khẩu mật khẩu xác nhận | D25: Truy cập vào hệ thống | E25: Hệ thống thông báo lỗi : "Mật khẩu mật khẩu xác nhận không chính xác" | F25: Hệ thống thông báo lỗi : "Mật khẩu mật khẩu xác nhận không chính xác" | G25: Passed | H25: 24/10/2025 | I25: Vinh

Sheet Quản lí hồ sơ cá nhân
A1: Project Name | B1: AgoraLearn+ Nền tảng học trực tuyến với AI Attendance, phân tích tương tác học tập và gợi ý cải thiện
A2: Module Code | B2: Quản lí hồ sơ cá nhân người dùng(Sinh viên,Giảng Viên)
B3: Hoàn thành | C3: Lỗi | D3: Chưa kiểm tra | E3: Bị chăn | F3: Tổng số trường hợp thử nghiệm
A4: Round 1 | B4: =COUNTIF(G1:G50,"Passed") -> 17 | C4: =COUNTIF(G1:G50,"Error") -> 0 | D4: =COUNTIF(G1:G50,"Untested") -> 0 | E4: =COUNTIF(G10:G21,"Blocked") -> 0 | F4: =SUM(B4,C4,D4) -> 17
A6: Test Case ID | B6: Mô tả | C6: Hành động | D6: Điều kiện tiên quyết | E6: Kết quả mong đợi | F6: Kết quả thực tế | G6: Kết quả | J6: Chú thích
G7: Vòng 1
G8: Trạng thái | H8: Ngày kiểm tra | I8: Người kiểm tra
A9: GUI_SHOW Trang quản lí hồ sơ cá nhân
A10: GUI-HSCN01 | B10: Kiểm tra nút cập nhật | C10: họ tên, email, số điện thoại, địa chỉ, ảnh đại diện, | D10: Truy cập vào page hồ sơ cá nhân | E10: Nút màu cam, chữ “Cập nhật” hiển thị rõ, có thể click được | F10: Nút màu cam, chữ “Cập nhật” hiển thị rõ, có thể click được | G10: Passed | H10: 24/10/2025 | I10: Viên
A11: GUI-HSCN02 | B11: Kiểm tra ô Họ tên | D11: Truy cập vào page hồ sơ cá nhân | E11: Hiển thị thông tin rõ ràng, dễ nhìn | F11: Hiển thị thông tin rõ ràng, dễ nhìn | G11: Passed | H11: 24/10/2025 | I11: Viên
A12: GUI-HSCN03 | B12: Kiểm tra ô Số điện thoại | D12: Truy cập vào page hồ sơ cá nhân | E12: Hiển thị thông tin rõ ràng, dễ nhìn | F12: Hiển thị thông tin rõ ràng, dễ nhìn | G12: Passed | H12: 24/10/2025 | I12: Viên
A13: GUI-HSCN04 | B13: Kiểm tra ô Địa chỉ | D13: Truy cập vào page hồ sơ cá nhân | E13: Hiển thị thông tin rõ ràng, dễ nhìn | F13: Hiển thị thông tin rõ ràng, dễ nhìn | G13: Passed | H13: 24/10/2025 | I13: Viên
A14: GUI-HSCN05 | B14: Kiểm tra Hình đại diện | D14: Truy cập vào page hồ sơ cá nhân | E14: Hiển thị, căn chỉnh không lệch | F14: Hiển thị, căn chỉnh không lệch | G14: Passed | H14: 24/10/2025 | I14: Viên
A15: FUNCTION_SHOW Trang quản lí hồ sơ cá nhân
A16: FUNC-HSCN01 | B16: Vào thành công trang quản lí hồ sơ cá nhân | C16: 1.Nhấn hình đại diện để vào trang Quản lí hồ sơ cá nhân | D16: Truy cập vào hệ thống | E16: Đi đến trang trang Quản lí hồ sơ cá nhân, hiển thị đầy đủ thông tin hồ sơ | F16: Đi đến trang trang Quản lí hồ sơ cá nhân, hiển thị đầy đủ thông tin hồ sơ | G16: Passed | H16: 24/10/2025 | I16: Viên
A17: FUNC-HSCN02 | B17: Vào thành công menu cập nhật hồ sơ cá nhân | C17: 1.Nhấn hình đại diện để vào trang Quản lí hồ sơ cá nhân 2.Nhấn nút cập nhật | D17: Truy cập vào hệ thống | E17: Hiển thị menu các thông tin để cập nhật | F17: Hiển thị menu các thông tin để cập nhật | G17: Passed | H17: 24/10/2025 | I17: Viên
A18: FUNC-HSCN03 | B18: Cập nhật thông tin, để trống Họ tên | C18: 1.Xóa nội dung họ tên 2.Click Lưu | D18: Truy cập vào hệ thống | E18: Hiển thị thông báo lỗi “Họ tên không được để trống” | F18: Hiển thị thông báo lỗi “Họ tên không được để trống” | G18: Passed | H18: 24/10/2025 | I18: Viên
A19: FUNC-HSCN04 | B19: Cập nhật thông tin, email sai định dạng | C19: 1. nhập email "abc@" 2.Click Lưu | D19: Truy cập vào hệ thống | E19: Hiển thị lỗi “Email không hợp lệ” | F19: Hiển thị lỗi “Email không hợp lệ” | G19: Passed | H19: 24/10/2025 | I19: Viên
A20: FUNC-HSCN05 | B20: Cập nhật thông tin, email rỗng | C20: 1 .Xóa nội dung email 2. Click "Lưu". | D20: Truy cập vào hệ thống | E20: Thông báo lỗi “Email không được để trống” | F20: Thông báo lỗi “Email không được để trống” | G20: Passed | H20: 24/10/2025 | I20: Viên
A21: FUNC-HSCN06 | B21: Cập nhật thông tin, số điện thoại sai định dạng | C21: 1 .Nhập số điện thoại sai dịnh dạng "123acb" 2. Click "Lưu". | D21: Truy cập vào hệ thống | E21: Hiển thị lỗi “Số điện thoại không hợp lệ” | F21: Hiển thị lỗi “Số điện thoại không hợp lệ” | G21: Passed | H21: 24/10/2025 | I21: Viên
A22: FUNC-HSCN07 | B22: Cập nhật thông tin, số điện thoại thiếu số | C22: 1 .Nhập số điện thoại "0123" 2. Click "Lưu". | D22: Truy cập vào hệ thống | E22: Hiển thị lỗi “Số điện thoại không hợp lệ, vui lòng nhập đủ 10 số” | F22: Hiển thị lỗi “Số điện thoại không hợp lệ, vui lòng nhập đủ 10 số” | G22: Passed | H22: 24/10/2025 | I22: Viên
A23: FUNC-HSCN08 | B23: Cập nhật thông tin, số điện thoại rỗng | C23: 1 .Xóa nội dung số điện thoại 2. Click "Lưu". | D23: Truy cập vào hệ thống | E23: Thông báo lỗi “Số điện thoại không được để trống” | F23: Thông báo lỗi “Số điện thoại không được để trống” | G23: Passed | H23: 24/10/2025 | I23: Viên
A24: FUNC-HSCN09 | B24: Cập nhật thông tin,địa chỉ rỗng | C24: 1 .Xóa nội dung địa chỉ 2. Click "Lưu". | D24: Truy cập vào hệ thống | E24: Thông báo lỗi “Địa chỉ không được để trống” | F24: Thông báo lỗi “Địa chỉ không được để trống” | G24: Passed | H24: 24/10/2025 | I24: Viên
A25: FUNC-HSCN10 | B25: Upload ảnh sai định dạng | C25: 1.Nhấn up load ảnh 2. Chọn file có định dạng .pdf, .docx, .exe 3.Click Lưu | D25: Truy cập vào hệ thống | E25: 1.Hiển thị thông báo lỗi “Định dạng ảnh không hợp lệ” 2.Không cho lưu thông tin 3.Ảnh đại diện không thay đổi | F25: 1.Hiển thị thông báo lỗi “Định dạng ảnh không hợp lệ” 2.Không cho lưu thông tin 3.Ảnh đại diện không thay đổi | G25: Passed | H25: 24/10/2025 | I25: Viên
A26: FUNC-HSCN11 | B26: Lưu & hủy, lưu thông tin hợp lệ | C26: 1.Nhập dữ liệu hợp lệ 2.Click Lưu | D26: Truy cập vào hệ thống | E26: 1.Modal đóng 2.Hiển thị thông báo cập nhật thành công 3.Trang hồ sơ hiển thị thông tin mới | F26: 1.Modal đóng 2.Hiển thị thông báo cập nhật thành công 3.Trang hồ sơ hiển thị thông tin mới | G26: Passed | H26: 24/10/2025 | I26: Viên
A27: FUNC-HSCN12 | B27: Lưu & hủy, hủy lưu thông tin | C27: 1.Click nút hủy | D27: Truy cập vào hệ thống | E27: 1.Modal đóng 2.Trang hồ sơ cá nhân không có gì thay đổi | F27: 1.Modal đóng 2.Trang hồ sơ cá nhân không có gì thay đổi | G27: Passed | H27: 24/10/2025 | I27: Viên

Sheet Điểm danh
A1: Project Name | B1: AgoraLearn+ Nền tảng học trực tuyến với AI Attendance, phân tích tương tác học tập và gợi ý cải thiện
A2: Module Code | B2: Điểm danh(Giảng Viên)
B3: Hoàn thành | C3: Lỗi | D3: Chưa kiểm tra | E3: Bị chăn | F3: Tổng số trường hợp thử nghiệm
A4: Round 1 | B4: =COUNTIF(G1:G50,"Passed") -> 6 | C4: =COUNTIF(G1:G50,"Error") -> 0 | D4: =COUNTIF(G1:G50,"Untested") -> 0 | E4: =COUNTIF(G10:G23,"Blocked") -> 0 | F4: =SUM(B4,C4,D4) -> 6
A6: Test Case ID | B6: Mô tả | C6: Hành động | D6: Điều kiện tiên quyết | E6: Kết quả mong đợi | F6: Kết quả thực tế | G6: Kết quả | J6: Chú thích
G7: Vòng 1
G8: Trạng thái | H8: Ngày kiểm tra | I8: Người kiểm tra
A9: GUI_SHOW Trang điểm danh
A10: GUI-DD01 | B10: Trạng thái nút | E10: Nút màu cam, nút có thể click được | F10: Nút màu cam, nút có thể click được | G10: Passed | H10: 25/10/2025 | I10: Hoàng
A11: GUI-DD02 | B11: Kiểm tra responsive | E11: Giao diện không vỡ khi thu nhỏ màn hình | F11: Giao diện không vỡ khi thu nhỏ màn hình | G11: Passed | H11: 25/10/2025 | I11: Hoàng
A12: FUNCTION_SHOW Trang điểm danh
A13: FUNC-DD01 | B13: (Điểm danh) Vào trang điểm danh | C13: 1.Click nút Điểm danh trên card lớp | D13: Truy cập vào hệ thống | E13: 1.Chuyển sang giao diện điểm danh lớp 2.Hiển thị danh sách sinh viên | F13: 1.Chuyển sang giao diện điểm danh lớp 2.Hiển thị danh sách sinh viên | G13: Passed | H13: 25/10/2025 | I13: Hoàng
A14: FUNC-DD02 | B14: (Điểm danh) Điểm danh tự động | C14: 1.Click nút Điểm danh trên card lớp 2.Nhấn điểm danh tự đông | D14: Truy cập vào hệ thống | E14: 1.Điểm danh thành công cách sinh viên có mặt | F14: 1.Điểm danh thành công cách sinh viên có mặt | G14: Passed | H14: 25/10/2025 | I14: Hoàng
A15: FUNC-DD03 | B15: (Điểm danh) Lớp chưa điểm danh | C15: 1.Click nút Điểm danh trên card lớp | D15: Truy cập vào hệ thống | E15: 1.Trạng thái sinh viên mặc định là “Chưa điểm danh” | F15: 1.Trạng thái sinh viên mặc định là “Chưa điểm danh” | G15: Passed | H15: 25/10/2025 | I15: Hoàng
A16: FUNC-DD04 | B16: (Điểm danh) Lớp đã điểm danh | C16: 1.Click nút Điểm danh trên card lớp | D16: Truy cập vào hệ thống | E16: 1.Hiển thị trạng thái điểm danh cũ 2.Có nút Điểm danh lại / Chỉnh sửa | F16: 1.Hiển thị trạng thái điểm danh cũ 2.Có nút Điểm danh lại / Chỉnh sửa | G16: Passed | H16: 25/10/2025 | I16: Hoàng

Sheet Quản lí lớp học 
A1: Project Name | B1: AgoraLearn+ Nền tảng học trực tuyến với AI Attendance, phân tích tương tác học tập và gợi ý cải thiện
A2: Module Code | B2: Quản lí lớp học(Giảng viên)
B3: Hoàn thành | C3: Lỗi | D3: Chưa kiểm tra | E3: Bị chăn | F3: Tổng số trường hợp thử nghiệm
A4: Round 1 | B4: =COUNTIF(G1:G50,"Passed") -> 9 | C4: =COUNTIF(G1:G50,"Error") -> 0 | D4: =COUNTIF(G1:G50,"Untested") -> 0 | E4: =COUNTIF(G10:G23,"Blocked") -> 0 | F4: =SUM(B4,C4,D4) -> 9
A6: Test Case ID | B6: Mô tả | C6: Hành động | D6: Điều kiện tiên quyết | E6: Kết quả mong đợi | F6: Kết quả thực tế | G6: Kết quả | J6: Chú thích
G7: Vòng 1
G8: Trạng thái | H8: Ngày kiểm tra | I8: Người kiểm tra
A9: GUI_SHOW Trang quản lí lớp học
A10: GUI-QLLH01 | B10: Trạng thái nút | C10: họ tên, email, số điện thoại, địa chỉ, ảnh đại diện, | E10: Nút màu cam, nút Chi tiết / Điểm danh, có thể click được | F10: Nút màu cam, nút Chi tiết / Điểm danh, có thể click được | G10: Passed | H10: 25/10/2025 | I10: Trình
A11: GUI-QLLH02 | B11: Kiểm tra responsive | D11: Truy cập vào page hồ sơ cá nhân | E11: 1.Giao diện không vỡ khi thu nhỏ màn hình 2.Card lớp hiển thị đúng hàng/cột | F11: 1.Giao diện không vỡ khi thu nhỏ màn hình 2.Card lớp hiển thị đúng hàng/cột | G11: Passed | H11: 25/10/2025 | I11: Trình
A12: FUNCTION_SHOW Trang quản lí lớp học
A13: FUNC-QLLH01 | B13: (Hiển thị giao diện tổng thể) Vào thành công trang quản lí lớp học | C13: 1.GV truy cập vào hệ thống 2.Nhấn "Quản lý lớp học" ở Nabar bên trái | D13: Truy cập vào hệ thống | E13: 1.Hiển thị tiêu đề “Quản lý Lớp học” 2.Hiển thị danh sách các lớp dưới dạng thẻ (card) 3.Sidebar hiển thị đúng menu “Quản lý lớp học” | F13: 1.Hiển thị tiêu đề “Quản lý Lớp học” 2.Hiển thị danh sách các lớp dưới dạng thẻ (card) 3.Sidebar hiển thị đúng menu “Quản lý lớp học” | G13: Passed | H13: 25/10/2025 | I13: Trình
A14: FUNC-QLLH02 | B14: (Hiển thị giao diện tổng thể) Hiển thị thông tin lớp học trên card | C14: 1.GV truy cập vào hệ thống 2.Nhấn "Quản lý lớp học" ở Nabar bên trái | D14: Truy cập vào hệ thống | E14: Mỗi card hiển thị đầy đủ thông tin của lớp học | F14: Mỗi card hiển thị đầy đủ thông tin của lớp học | G14: Passed | H14: 25/10/2025 | I14: Trình
A15: FUNC-QLLH03 | B15: (Tìm kiếm & lọc) Tìm kiếm lớp theo tên | C15: 1.Nhập “Lập trình Web” vào ô tìm kiếm | D15: Truy cập vào hệ thống | E15: Hiển thị các lớp có tên phù hợp, ẩn các lớp không liên quan | F15: Hiển thị các lớp có tên phù hợp, ẩn các lớp không liên quan | G15: Passed | H15: 25/10/2025 | I15: Trình
A16: FUNC-QLLH04 | B16: (Tìm kiếm & lọc) Tìm kiếm lớp không tồn tại | C16: 1.Nhập “Xyz” vào ô tìm kiếm | D16: Truy cập vào hệ thống | E16: Danh lớp sách rỗng | F16: Danh lớp sách rỗng | G16: Passed | H16: 25/10/2025 | I16: Trình
A17: FUNC-QLLH05 | B17: (Chi tiết lớp học) Click nút Chi tiết | C17: 1.Click Chi tiết trên 1 card lớp | D17: Truy cập vào hệ thống | E17: 1.Chuyển sang trang chi tiết lớp 2.Hiển thị đầy đủ thông tin lớp & sinh viên | F17: 1.Chuyển sang trang chi tiết lớp 2.Hiển thị đầy đủ thông tin lớp & sinh viên | G17: Passed | H17: 25/10/2025 | I17: Trình
A18: FUNC-QLLH06 | B18: (Chi tiết lớp học) Quyền truy cập trang chi tiết | C18: 1.Click Chi tiết trên 1 card lớp không thuộc lớp mình giảng dạy | D18: Truy cập vào hệ thống | E18: 1.Giảng Trình chỉ xem được chi tiết lớp của mình 2.Không truy cập được lớp không thuộc quyền | F18: 1.Giảng Trình chỉ xem được chi tiết lớp của mình 2.Không truy cập được lớp không thuộc quyền | G18: Passed | H18: 25/10/2025 | I18: Trình
A19: FUNC-QLLH07 | B19: (Tạo lớp) Tạo lớp mới | C19: 1.Click nút Tạo lớp mới | D19: Truy cập vào hệ thống | E19: 1.Mở form / modal tạo lớp mới | F19: 1.Mở form / modal tạo lớp mới | G19: Passed | H19: 25/10/2025 | I19: Trình

Sheet Quản lý sinh viên
A1: Project Name | B1: AgoraLearn+ Nền tảng học trực tuyến với AI Attendance, phân tích tương tác học tập và gợi ý cải thiện
A2: Module Code | B2: Quản lí sinh viên(Giảng viên)
B3: Hoàn thành | C3: Lỗi | D3: Chưa kiểm tra | E3: Bị chăn | F3: Tổng số trường hợp thử nghiệm
A4: Round 1 | B4: =COUNTIF(G1:G50,"Passed") -> 13 | C4: =COUNTIF(G1:G50,"Error") -> 0 | D4: =COUNTIF(G1:G50,"Untested") -> 0 | E4: =COUNTIF(G10:G23,"Blocked") -> 0 | F4: =SUM(B4,C4,D4) -> 13
A6: Test Case ID | B6: Mô tả | C6: Hành động | D6: Điều kiện tiên quyết | E6: Kết quả mong đợi | F6: Kết quả thực tế | G6: Kết quả | J6: Chú thích
G7: Vòng 1
G8: Trạng thái | H8: Ngày kiểm tra | I8: Người kiểm tra
A9: GUI_SHOW Trang quản lí sinh viên
A10: GUI-QLLH01 | B10: Trạng thái nút | E10: Nút màu cam, nút Chi tiết / Điểm danh, có thể click được | F10: Nút màu cam, nút Chi tiết / Điểm danh, có thể click được | G10: Passed | H10: 26/10/2025 | I10: Vinh
A11: GUI-QLLH02 | B11: Kiểm tra Responsive bảng sinh viên | C11: Phóng to, thu nhỏ trang | D11: Truy cập vào page quản lí sinh viên | E11: 1.Bảng không vỡ layout khi thu nhỏ màn hình 2.Hiển thị đúng hàng/cột | F11: 1.Bảng không vỡ layout khi thu nhỏ màn hình 2.Hiển thị đúng hàng/cột | G11: Passed | H11: 26/10/2025 | I11: Vinh
A12: FUNCTION_SHOW Trang quản lí sinh viên
A13: FUNC-QLLH01 | B13: (Hiển thị giao diện tổng thể) Vào thành công trang quản lí sinh viên | C13: 1.GV truy cập vào hệ thống 2.Nhấn "sinh viên" ở Nabar bên trái | D13: Truy cập vào hệ thống | E13: 1.Hiển thị tiêu đề “Quản lý sinh viên” 2.Hiển thị bảng danh sách sinh viên 3.Dòng tiêu đề hiển thị đúng: Danh sách sinh viên (6) 4.Số lượng sinh viên trong bảng khớp với số hiển thị | F13: 1.Hiển thị tiêu đề “Quản lý sinh viên” 2.Hiển thị bảng danh sách sinh viên 3.Dòng tiêu đề hiển thị đúng: Danh sách sinh viên (6) 4.Số lượng sinh viên trong bảng khớp với số hiển thị | G13: Passed | H13: 26/10/2025 | I13: Vinh
A14: FUNC-QLLH03 | B14: (Tìm kiếm) Tìm kiếm sinh viên theo tên | C14: 1.Nhập “Nguyễn Văn A” vào ô tìm kiếm | D14: Truy cập vào hệ thống | E14: Hiển thị các lớp có tên phù hợp, ẩn các sinh viên không liên quan | F14: Hiển thị các lớp có tên phù hợp, ẩn các sinh viên không liên quan | G14: Passed | H14: 26/10/2025 | I14: Vinh
A15: FUNC-QLLH04 | B15: (Tìm kiếm) Tìm kiếm sinh viên theo MSSV | C15: 1.Nhập “2025001” vào ô tìm kiếm | D15: Truy cập vào hệ thống | E15: Hiển thị đúng sinh viên có MSSV tương ứng | F15: Hiển thị đúng sinh viên có MSSV tương ứng | G15: Passed | H15: 26/10/2025 | I15: Vinh
A16: FUNC-QLLH05 | B16: (Tìm kiếm) Tìm kiếm không có kết quả | C16: 1.Nhập “xyzz” vào ô tìm kiếm | D16: Truy cập vào hệ thống | E16: Danh sách sinh viên rỗng | F16: Danh sách sinh viên rỗng | G16: Passed | H16: 26/10/2025 | I16: Vinh
A17: FUNC-QLLH06 | B17: (Lọc)Lọc theo lớp hành chính | C17: 1.Chọn lớp CNTT-K15-01 | D17: Truy cập vào hệ thống | E17: Chỉ hiển thị sinh viên thuộc lớp đã chọn | F17: Chỉ hiển thị sinh viên thuộc lớp đã chọn | G17: Passed | H17: 30/11/2026 | I17: Vinh
A18: FUNC-QLLH07 | B18: (Lọc) Lọc theo trạng thái | C18: 1.Dữ liệu lọc "Cảnh báo" | D18: Truy cập vào hệ thống | E18: 1.Chỉ hiển thị sinh viên có trạng thái “Cảnh báo” | F18: 1.Chỉ hiển thị sinh viên có trạng thái “Cảnh báo” | G18: Passed | H18: 26/10/2025 | I18: Vinh
A19: FUNC-QLLH08 | B19: (GPA & Trạng thái) Trạng thái sinh viên theo GPA | D19: Truy cập vào hệ thống | E19: GPA < 3.0 → Cảnh báo GPA 3.0 – 3.5 → Đang học GPA ≥ 3.6 → Xuất sắc | F19: GPA < 3.0 → Cảnh báo GPA 3.0 – 3.5 → Đang học GPA ≥ 3.6 → Xuất sắc | G19: Passed | H19: 26/10/2025 | I19: Vinh
A20: FUNC-QLLH09 | B20: Xem chi tiết sinh viên | C20: 1.Chọn “Xem chi tiết” | D20: Truy cập vào hệ thống | E20: 1.Chuyển sang trang chi tiết sinh viên 2.Hiển thị đúng thông tin cá nhân & học tập | F20: 1.Chuyển sang trang chi tiết sinh viên 2.Hiển thị đúng thông tin cá nhân & học tập | G20: Passed | H20: 26/10/2025 | I20: Vinh
A21: FUNC-QLLH10 | B21: (Gửi thông báo) Gửi thông báo thành công | C21: 1.Click Gửi thông báo 2.Nhập nội dung 3.Click Gửi | D21: Truy cập vào hệ thống | E21: 1.Thông báo gửi thành công | F21: 1.Thông báo gửi thành công | G21: Passed | H21: 26/10/2025 | I21: Vinh
A22: FUNC-QLLH11 | B22: (Xuất Excel) Click nút Xuất Excel | C22: 1.Click nút Xuất Excel | D22: Truy cập vào hệ thống | E22: 1.File Excel được tải về 2.Dữ liệu đúng với danh sách đang hiển thị | F22: 1.File Excel được tải về 2.Dữ liệu đúng với danh sách đang hiển thị | G22: Passed | H22: 26/10/2025 | I22: Vinh
A23: FUNC-QLLH12 | B23: (Phân quyền & bảo mật) Giảng Vinh truy cập sinh viên không thuộc lớp | D23: Truy cập vào hệ thống | E23: Không hiển thị chi tiết sinh viên, hiển thị thông báo không có quyền | F23: Không hiển thị chi tiết sinh viên, hiển thị thông báo không có quyền | G23: Passed | H23: 26/10/2026 | I23: Vinh

Sheet Quản lí bài tập và kết quả
A1: Project Name | B1: AgoraLearn+ Nền tảng học trực tuyến với AI Attendance, phân tích tương tác học tập và gợi ý cải thiện
A2: Module Code | B2: Quản lí bài tập & kết quả(Giảng Viên)
B3: Hoàn thành | C3: Lỗi | D3: Chưa kiểm tra | E3: Bị chăn | F3: Tổng số trường hợp thử nghiệm
A4: Round 1 | B4: =COUNTIF(G1:G50,"Passed") -> 22 | C4: =COUNTIF(G1:G50,"Error") -> 0 | D4: =COUNTIF(G1:G50,"Untested") -> 0 | E4: =COUNTIF(G10:G23,"Blocked") -> 0 | F4: =SUM(B4,C4,D4) -> 22
A7: Test Case ID | B7: Mô tả | C7: Hành động | D7: Điều kiện tiên quyết | E7: Kết quả mong đợi | F7: Kết quả thực tế | G7: Kết quả | J7: Chú thích
G8: Vòng 1
G9: Trạng thái | H9: Ngày kiểm tra | I9: Người kiểm tra
A10: GUI_SHOW Trang Quản lí bài tập & kết quả
A11: GUI-QLLH01 | B11: Trạng thái nút | E11: Nút màu cam,có thể click được | F11: Nút màu cam,có thể click được | G11: Passed | H11: 26/10/2025 | I11: Viên
A12: GUI-QLLH02 | B12: Kiểm tra Responsive bảng sinh viên | C12: Phóng to, thu nhỏ trang | D12: Truy cập vào page chấm điểm | E12: 1.Bảng không vỡ layout khi thu nhỏ màn hình 2.Hiển thị đúng hàng/cột | F12: 1.Bảng không vỡ layout khi thu nhỏ màn hình 2.Hiển thị đúng hàng/cột | G12: Passed | H12: 26/10/2025 | I12: Viên
A13: GUI-QLLH02 | B13: Scroll danh sách sinh viên | D13: Truy cập vào page chấm điểm | E13: 1. Scroll mượt,Không lệch layout | F13: 1. Scroll mượt,Không lệch layout | G13: Passed | H13: 26/10/2025 | I13: Viên
A14: FUNCTION_SHOW Trang Quản lí bài tập & kết quả
A15: FUNC-BT&KQ01 | B15: (Hiển thị giao diện tổng thể) Load trang chấm điểm | C15: 1.GV truy cập vào hệ thống 2.Nhấn "Chấm điểm" ở Nabar bên trái | D15: Truy cập vào hệ thống | E15: 1.Hiển thị tiêu đề “Chấm điểm: Bài tập lớn GD1” 2.Hiển thị thông tin lớp và hạn nộp 3.Cột trái: danh sách sinh viên 4.Cột phải: bài làm + form đánh giá | F15: 1.Hiển thị tiêu đề “Chấm điểm: Bài tập lớn GD1” 2.Hiển thị thông tin lớp và hạn nộp 3.Cột trái: danh sách sinh viên 4.Cột phải: bài làm + form đánh giá | G15: Passed | H15: 26/10/2025 | I15: Viên
A16: FUNC-BT&KQ02 | B16: (Tìm kiếm) Tìm kiếm sinh viên theo tên | C16: 1.Nhập “Nguyễn Văn A” vào ô tìm kiếm | D16: Truy cập vào hệ thống | E16: Hiển thị các lớp có tên phù hợp, ẩn các sinh viên không liên quan | F16: Hiển thị các lớp có tên phù hợp, ẩn các sinh viên không liên quan | G16: Passed | H16: 26/10/2025 | I16: Viên
A17: FUNC-BT&KQ03 | B17: (Tìm kiếm) Click chọn sinh viên | C17: 1.Click 1 sinh viên trong danh sách | D17: Truy cập vào hệ thống | E17: 1.Sinh viên được highlight 2.Load bài làm tương ứng ở cột phải | F17: 1.Sinh viên được highlight 2.Load bài làm tương ứng ở cột phải | G17: Passed | H17: 26/10/2025 | I17: Viên
A18: FUNC-BT&KQ04 | B18: (Xem bài làm sinh viên) Hiển thị bài làm đã nộp | C18: 1.Click 1 sinh viên trong danh sách | D18: Truy cập vào hệ thống | E18: 1.Hiển thị tên file 2.Hiển thị dung lượng 3.Có nút tải file | F18: 1.Hiển thị tên file 2.Hiển thị dung lượng 3.Có nút tải file | G18: Passed | H18: 26/10/2025 | I18: Viên
A19: FUNC-BT&KQ05 | B19: (Xem bài làm sinh viên) Tải file bài làm | C19: 1.Click 1 sinh viên trong danh sách 2.Nhấn nút tải file | D19: Truy cập vào hệ thống | E19: 1.File được tải về thành công 2.File mở được, đúng định dạng | F19: 1.File được tải về thành công 2.File mở được, đúng định dạng | G19: Passed | H19: 26/10/2025 | I19: Viên
A20: FUNC-BT&KQ06 | B20: (Xem bài làm sinh viên) Sinh viên chưa nộp bài | D20: Truy cập vào hệ thống | E20: 1.Hiển thị thông báo “Sinh viên chưa nộp bài”, có icon chưa nộp bên danh sách sinh viên 2.Không hiển thị file đính kèm | F20: 1.Hiển thị thông báo “Sinh viên chưa nộp bài”, có icon chưa nộp bên danh sách sinh viên 2.Không hiển thị file đính kèm | G20: Passed | H20: 26/10/2025 | I20: Viên
A21: FUNC-BT&KQ07 | B21: Xem chi tiết sinh viên | C21: 1.Chọn “Xem chi tiết” | D21: Truy cập vào hệ thống | E21: 1.Chuyển sang trang chi tiết sinh viên 2.Hiển thị đúng thông tin cá nhân & học tập | F21: 1.Chuyển sang trang chi tiết sinh viên 2.Hiển thị đúng thông tin cá nhân & học tập | G21: Passed | H21: 26/10/2025 | I21: Viên
A22: FUNC-BT&KQ08 | B22: (Chấm điểm & đánh giá) Nhập điểm hợp lệ | C22: 1.Nhập điểm "8.5" 2.Chọn trạng thái 3.Nhấn nút lưu | D22: Truy cập vào hệ thống | E22: 1.Không hiển thị lỗi 2.Cho phép lưu | F22: 1.Không hiển thị lỗi 2.Cho phép lưu | G22: Passed | H22: 26/10/2025 | I22: Viên
A23: FUNC-BT&KQ09 | B23: (Chấm điểm & đánh giá) Nhập điểm không hợp lệ | C23: 1.Nhập điểm điểm ngoài phạm vi (-1,11,..) 2.Chọn trạng thái 3.Nhấn nút lưu | D23: Truy cập vào hệ thống | E23: 1.Hiển thông báo thị lỗi “Điểm phải từ 0–10” 2.Không cho phép lưu | F23: 1.Hiển thông báo thị lỗi “Điểm phải từ 0–10” 2.Không cho phép lưu | G23: Passed | H23: 26/10/2025 | I23: Viên
A24: FUNC-BT&KQ10 | B24: (Chấm điểm & đánh giá) Điểm không phải số | C24: 1.Nhập điểm điểm không phải số (abc, .,',....) 2.Chọn trạng thái 3.Nhập nhận xét 4.Nhấn nút lưu | D24: Truy cập vào hệ thống | E24: 1.Hiển thông báo thị lỗi “Điểm phải là kí tự số” 2.Không cho phép lưu | F24: 1.Hiển thông báo thị lỗi “Điểm phải là kí tự số” 2.Không cho phép lưu | G24: Passed | H24: 26/10/2025 | I24: Viên
A25: FUNC-BT&KQ11 | B25: (Chấm điểm & đánh giá) Nhập nhận xét | C25: 1.Nhập điểm 2.Chọn trạng thái 3.Nhập nhận xét 4.Nhấn nút lưu | D25: Truy cập vào hệ thống | E25: 1.Không hiển thị lỗi 2.Cho phép lưu | F25: 1.Không hiển thị lỗi 2.Cho phép lưu | G25: Passed | H25: 26/10/2025 | I25: Viên
A26: FUNC-BT&KQ12 | B26: (Chấm điểm & đánh giá) Chọn trạng thái kết quả | C26: 1.Nhập điểm điểm 2.Chọn trạng thái 3.Nhập nhận xét 4.Nhấn nút lưu | D26: Truy cập vào hệ thống | E26: 1.Dropdown hiển thị đầy đủ: Đạt / Không đạt 2.Lưu đúng trạng thái đã chọn | F26: 1.Dropdown hiển thị đầy đủ: Đạt / Không đạt 2.Lưu đúng trạng thái đã chọn | G26: Passed | H26: 26/10/2025 | I26: Viên
A27: FUNC-BT&KQ13 | B27: (Lưu & gửi điểm) Lưu nháp | C27: 1.Nhập điểm điểm 2.Chọn trạng thái 3.Nhập nhận xét 4.Nhấn nút lưu nháp | D27: Truy cập vào hệ thống | E27: 1.Lưu dữ liệu tạm 2.Không gửi điểm cho sinh viên | F27: 1.Lưu dữ liệu tạm 2.Không gửi điểm cho sinh viên | G27: Passed | H27: 26/10/2025 | I27: Viên
A28: FUNC-BT&KQ14 | B28: (Lưu & gửi điểm) Lưu & gửi điểm | C28: 1.Nhập điểm điểm 2.Chọn trạng thái 3.Nhập nhận xét 4.Nhấn nút Lưu & gửi điểm | D28: Truy cập vào hệ thống | E28: 1.Lưu dữ liệu thành công 2.Sinh viên nhận được kết quả | F28: 1.Lưu dữ liệu thành công 2.Sinh viên nhận được kết quả | G28: Passed | H28: 26/10/2025 | I28: Viên
A29: FUNC-BT&KQ15 | B29: (Lưu & gửi điểm) Chuyển sinh viên khi chưa lưu | C29: 1.Nhập điểm điểm 2.Chọn trạng thái 3.Nhập nhận xét 4.Chuyển sang sinh viên khác mà không lưu | D29: Truy cập vào hệ thống | E29: 1. Hiển thị cảnh báo mất dữ liệu | F29: 1. Hiển thị cảnh báo mất dữ liệu | G29: Passed | H29: 26/10/2025 | I29: Viên
A30: FUNC-BT&KQ16 | B30: (Công bố điểm) Công bố điểm | C30: 1.Chọn nút "Công bố điểm" | D30: Truy cập vào hệ thống | E30: 1.Hiển thị popup xác nhận 2.Điểm được công bố cho toàn bộ sinh viên | F30: 1.Hiển thị popup xác nhận 2.Điểm được công bố cho toàn bộ sinh viên | G30: Passed | H30: 26/10/2025 | I30: Viên
A31: FUNC-BT&KQ17 | B31: (Công bố điểm) Công bố khi chưa chấm đủ | C31: 1.Chọn nút "Công bố điểm" | D31: Truy cập vào hệ thống | E31: 1.Hiển thị cảnh báo “Chưa chấm đủ sinh viên” 2.Không cho công bố | F31: 1.Hiển thị cảnh báo “Chưa chấm đủ sinh viên” 2.Không cho công bố | G31: Passed | H31: 26/10/2025 | I31: Viên
A32: FUNC-BT&KQ18 | B32: (Xuất Excel) Click nút Xuất Excel | C32: 1.Click nút Xuất Excel | D32: Truy cập vào hệ thống | E32: 1.File Excel được tải về 2. Hiển thị trong file MSSV, tên, điểm, trạng thái | F32: 1.File Excel được tải về 2. Hiển thị trong file MSSV, tên, điểm, trạng thái | G32: Passed | H32: 26/10/2025 | I32: Viên
A33: FUNC-BT&KQ19 | B33: (Phân quyền & bảo mật) Giảng viên không phụ trách lớp | D33: Truy cập vào hệ thống | E33: 1.Không truy cập được trang 2.Hiển thị thông báo phân quyền | F33: 1.Không truy cập được trang 2.Hiển thị thông báo phân quyền | G33: Passed | H33: 26/10/2025 | I33: Viên
